App Name,Package Name,Country/Classification,InternetAccessAPI,SensitiveAPI,android.permission.ACCESS_FINE_LOCATION,android.permission.INTERNET,android.permission.QUERY_ALL_PACKAGES,android.permission.READ_CALL_LOG,android.permission.READ_CONTACTS,android.permission.READ_EXTERNAL_STORAGE,android.permission.READ_MEDIA_AUDIO,android.permission.READ_MEDIA_IMAGES,android.permission.READ_MEDIA_VIDEO,android.permission.READ_PHONE_NUMBERS,android.permission.READ_SMS,android.permission.WRITE_EXTERNAL_STORAGE
Ngao Credit,com.extrainch.ngaocredit,Kenya/Approved,YES,YES,,,,,,Lcom/metamap/sdk_components/crash_reporter/sentry/io/sentry/android/core/DefaultAndroidEventProcessor;->isExternalStorageMounted -> Landroid/os/Environment;->getExternalStorageState; Landroidx/core/content/FileProvider;->parsePathStrategy -> Landroid/os/Environment;->getExternalStorageDirectory,,,,,,
L-Pesa,com.app.l_pesa,Kenya/Approved,YES,YES,,,,,,Landroidx/core/os/EnvironmentCompat;->getStorageState -> Landroid/os/Environment;->getExternalStorageState; Landroidx/core/content/FileProvider;->parsePathStrategy -> Landroid/os/Environment;->getExternalStorageDirectory,,,,,,
FlashCredit,com.flash.flashcredit,Kenya/Approved,NO,NO,,,,,,,,,,,,
Lipa Later,com.lipalater.androidapp,Kenya/Approved,NO,YES,,,,,,Landroid/support/v4/content/FileProvider;->parsePathStrategy -> Landroid/os/Environment;->getExternalStorageDirectory; Landroid/support/v4/os/EnvironmentCompat;->getStorageState -> Landroid/os/Environment;->getExternalStorageState,,,,,,
HelaCash,ke.helacash.cash,Kenya/Approved,NO,NO,,,,,,,,,,,,
MetaLoan,com.metaloan,Kenya/Approved,NO,NO,,,,,,,,,,,,
MaxLend,com.max.lend.kencash,Kenya/Approved,YES,NO,,,,,,,,,,,,
TruePesa,com.credit.truepesa.loan.kenya,Kenya/Approved,YES,NO,,,,,,,,,,,,
KopaKash,com.kopakash,Kenya/Approved,NO,NO,,,,,,,,,,,,
Senti,com.roamtech.dm.azima,Kenya/Approved,YES,YES,,,,,,Landroidx/core/os/EnvironmentCompat;->getStorageState -> Landroid/os/Environment;->getExternalStorageState; Landroidx/core/content/FileProvider;->parsePathStrategy -> Landroid/os/Environment;->getExternalStorageDirectory,,,,,,
Leja,com.okoleainternational.okoleamobile,Kenya/Approved,YES,NO,,,,,,,,,,,,
FairKash,com.fair.kash.money.finance.loan,Kenya/Approved,YES,NO,,,,,,,,,,,,
Bayes,bank.com.bank,Kenya/Approved,YES,YES,,,,,,Lcom/freshchat/consumer/sdk/j/aa;->aL -> Landroid/os/Environment;->getExternalStorageState; Landroid/support/v4/content/FileProvider;->b -> Landroid/os/Environment;->getExternalStorageDirectory,,,,,,
DirectLoan,direct.loans.dirloan.kecredit,Kenya/Approved,NO,NO,,,,,,,,,,,,
Okolea,com.astronpank.TENK_LOAN,Kenya/Approved,YES,YES,,,,,,Landroid/support/v4/content/ContextCompat;->getExternalCacheDirs -> Landroid/os/Environment;->getExternalStorageDirectory; Landroid/support/v4/os/EnvironmentCompat;->getStorageState -> Landroid/os/Environment;->getExternalStorageState,,,,,,
Mojacredit,ke.mojacredit,Kenya/Approved,NO,NO,,,,,,,,,,,,
Kashbean,com.kashbean,Kenya/Approved,NO,NO,,,,,,,,,,,,
Creditmoja,com.kenya.credit.app.loan.cash.money.pesa,Kenya/Approved,YES,NO,,,,,,,,,,,,
UbaPesa,com.ubapesa.app,Kenya/Approved,YES,NO,,,,,,,,,,,,
Jijenge Credit Limited,com.mobincube.jijenge_credit_limited.sc_5S1N1N,Kenya/Approved,NO,NO,,,,,,,,,,,,
Rewot Ciro Credit,com.rewot.app,Kenya/Approved,YES,YES,,,,,,Landroidx/core/os/EnvironmentCompat;->getStorageState -> Landroid/os/Environment;->getExternalStorageState; Landroidx/core/content/FileProvider;->parsePathStrategy -> Landroid/os/Environment;->getExternalStorageDirectory,,,,,,
MyCredit,com.mycredit.mycredit,Kenya/Approved,NO,NO,,,,,,,,,,,,
Soko Hela,com.sokohela.lending,Kenya/Approved,YES,YES,,,,,,Landroidx/core/content/FileProvider;->b -> Landroid/os/Environment;->getExternalStorageDirectory,,,,,,
Zenka Loan App Kenya,com.zenkafinance.microloans,Kenya/Approved,YES,NO,,,,,,,,,,,,
Autochek,com.autochek.buysalefixcars,Kenya/Approved,NO,YES,,,,,,Lu0/Q;->s -> Landroid/os/Environment;->getExternalStorageState; Landroidx/core/content/b;->h -> Landroid/os/Environment;->getExternalStorageDirectory,,,,,,
YoYi,com.sxsydai.yoyi,Nigeria/Delisted,YES,NO,,,,,,,,,,,,
MoneyEstate,com.loancloud.nigeria.moneyestate,Nigeria/Delisted,YES,YES,,,,,,Landroidx/core/os/EnvironmentCompat;->getStorageState -> Landroid/os/Environment;->getExternalStorageState; Landroidx/core/content/FileProvider;->parsePathStrategy -> Landroid/os/Environment;->getExternalStorageDirectory,,,,,,
LCredit,ni.lcredit.money.cash,Nigeria/Delisted,YES,NO,,,,,,,,,,,,
ThankUCash,com.hm.thankucard,Nigeria/Delisted,YES,NO,,,,,,,,,,,,
NairaLand,com.cash.loan.credit9.kash.plamcredit.naira.payday.money.xcredit,Nigeria/Delisted,NO,NO,,,,,,,,,,,,
Quick Loan,com.indiaquickloan.quickloan,Nigeria/Delisted,YES,YES,,,,,,Lcom/facebook/internal/Utility;->externalStorageExists -> Landroid/os/Environment;->getExternalStorageState; Landroidx/core/content/FileProvider;->ῲ -> Landroid/os/Environment;->getExternalStorageDirectory,,,,,,
MOCredit,com.loancloud.nigeria.mocredit,Nigeria/Delisted,YES,YES,,,,,,Landroidx/core/os/EnvironmentCompat;->getStorageState -> Landroid/os/Environment;->getExternalStorageState; Landroidx/core/content/FileProvider;->parsePathStrategy -> Landroid/os/Environment;->getExternalStorageDirectory,,,,,,
CashDoor,com.cd.cashdoor,Nigeria/Delisted,YES,YES,,,,,,Lc2/l0;->p0 -> Landroid/os/Environment;->getExternalStorageDirectory; Lc2/l0;->r -> Landroid/os/Environment;->getExternalStorageState,,,,,,
CashCredit,com.instant.cash.loan.payday.money.nigeria.new.credit,Nigeria/Delisted,NO,YES,,,,,,LFAIMIer/EAonoFri/NPd/h6/RfiaAC3SO;->NPd -> Landroid/os/Environment;->getExternalStorageState; LFAIMIer/P0elnPlo/EAonoFri/h6/NPd;->NPd -> Landroid/os/Environment;->getExternalStorageDirectory,,,,,,
JoyCash,joycash.mobile.online.quick.loan.money.cash.app,Nigeria/Delisted,YES,NO,,,,,,,,,,,,
Eagle Cash,com.eagle.cash,Nigeria/Delisted,NO,YES,,,,,,Landroid/support/v4/content/ContextCompat;->getExternalCacheDirs -> Landroid/os/Environment;->getExternalStorageDirectory; Landroid/support/v4/os/EnvironmentCompat;->getStorageState -> Landroid/os/Environment;->getExternalStorageState,,,,,,
CashMe,com.cash.me.online.loan.app,Nigeria/Delisted,NO,YES,,,,,,LX1F/wOu4u/VvQ/DGdOGRnQ/v5hKi7Fy1;->v5hKi7Fy1 -> Landroid/os/Environment;->getExternalStorageDirectory; LX1F/VvQ/v5hKi7Fy1/qvxzz/pzq;->v5hKi7Fy1 -> Landroid/os/Environment;->getExternalStorageState,,,,,,
Cash Mall,com.cashmallet.app,Nigeria/Delisted,NO,NO,,,,,,,,,,,,
SmartCash,com.loancloud.nigeria.smartcash,Nigeria/Delisted,YES,YES,,,,,,Landroidx/core/os/EnvironmentCompat;->getStorageState -> Landroid/os/Environment;->getExternalStorageState; Landroidx/core/content/FileProvider;->parsePathStrategy -> Landroid/os/Environment;->getExternalStorageDirectory,,,,,,
XCredit,com.xcredit.loan.nigeria,Nigeria/Delisted,YES,YES,,,,,,Landroidx/core/content/FileProvider;->f -> Landroid/os/Environment;->getExternalStorageDirectory; Lcom/facebook/internal/Utility;->externalStorageExists -> Landroid/os/Environment;->getExternalStorageState,,,,,,
Gomoni,ng.moni.gomoni,Nigeria/Delisted,NO,NO,,,,,,,,,,,,
UCredit,com.ucreditapp.app.cash.loan.carbon.jumia.pay,Nigeria/Delisted,NO,YES,,,,,,La/e/d/i/a;->a -> Landroid/os/Environment;->getExternalStorageDirectory; La/d/a/b/o$d;-><init> -> Landroid/os/Environment;->getExternalStorageState,,,,,,
Hcash,com.nigeria.cashkj.hcash,Nigeria/Delisted,NO,NO,,,,,,,,,,,,
CashDey,ng.dey.cashdey,Nigeria/Delisted,NO,NO,,,,,,,,,,,,
Swiftkash,swiftkash.safe.go,Nigeria/Delisted,YES,YES,,,,,,Landroidx/core/os/EnvironmentCompat;->getStorageState -> Landroid/os/Environment;->getExternalStorageState; Landroidx/core/content/FileProvider;->parsePathStrategy -> Landroid/os/Environment;->getExternalStorageDirectory,,,,,,
Cashlawn,com.grew.sw.cashlawn,Nigeria/Delisted,YES,YES,,,,,,Landroidx/core/content/FileProvider;->h -> Landroid/os/Environment;->getExternalStorageDirectory; Lcom/google/android/gms/internal/ads/w40;->call -> Landroid/os/Environment;->getExternalStorageState,,,,,,
EasyCash,com.loancloud.nigeria.easycash,Nigeria/Delisted,YES,YES,,,,,,Landroidx/core/os/EnvironmentCompat;->getStorageState -> Landroid/os/Environment;->getExternalStorageState; Landroidx/core/content/FileProvider;->parsePathStrategy -> Landroid/os/Environment;->getExternalStorageDirectory,,,,,,
Cash Loan,com.cash.loan.lending.cash.credit,Nigeria/Delisted,YES,YES,,,,,,Lcom/nigeria/shell/utils/PhoneUtils;->getStorageInfoData -> Landroid/os/Environment;->getExternalStorageDirectory; Lm1/u;->F -> Landroid/os/Environment;->getExternalStorageState,,,,,,
Cash9ja,com.cash9ja.credit.cash.loan.naira,Nigeria/Delisted,YES,YES,,,,,,Landroidx/core/content/FileProvider;->f -> Landroid/os/Environment;->getExternalStorageDirectory; Lcom/facebook/internal/Utility;->externalStorageExists -> Landroid/os/Environment;->getExternalStorageState,,,,,,
SharpCredit,com.sharp.credit.app,Nigeria/Delisted,NO,YES,,,,,,LAIO6s5NFf/aAOLRL/l0v7ecX/DoLP/l3FRMsaH;->l3FRMsaH -> Landroid/os/Environment;->getExternalStorageDirectory; LAIO6s5NFf/AIO6s5NFf/l3FRMsaH/D6bdmbM/mUi;->l3FRMsaH -> Landroid/os/Environment;->getExternalStorageState,,,,,,
QuickCredit,com.cash.loan.credit.quick.kash.cash9ja.mobile9.mkopo.instant.online.gocash,Nigeria/Delisted,NO,NO,,,,,,,,,,,,
Lucky Loan,com.sx.luckyloan,Nigeria/Delisted,NO,NO,,,,,,,,,,,,
Kashpal,com.kashpal.credit.money.cash.moni,Nigeria/Delisted,NO,YES,,,,,,Landroidx/core/os/EnvironmentCompat;->getStorageState -> Landroid/os/Environment;->getExternalStorageState; Landroidx/core/content/FileProvider;->parsePathStrategy -> Landroid/os/Environment;->getExternalStorageDirectory,,,,,,
Naira9ja,com.naira9ja.loan.credit.cash.borrow,Nigeria/Delisted,YES,NO,,,,,,,,,,,,
Moneytree,jp.moneytree.moneytree,Nigeria/Delisted,YES,NO,,,,,,,,,,,,
SoftNaira,com.sotifai.nai,Nigeria/Delisted,NO,NO,,,,,,,,,,,,
MoneyMart,com.lcloan.moneymart,Nigeria/Delisted,YES,YES,,,,,,Landroidx/core/os/EnvironmentCompat;->getStorageState -> Landroid/os/Environment;->getExternalStorageState; Landroidx/core/content/FileProvider;->parsePathStrategy -> Landroid/os/Environment;->getExternalStorageDirectory,,,,,,
Crancash,com.loan.crancash.cash,Nigeria/Delisted,NO,NO,,,,,,,,,,,,
nutLoan,xyz.niki.loan.nut,Nigeria/Delisted,YES,NO,,,,,,,,,,,,
Camelloan,com.cashniriql.camelloan,Nigeria/Delisted,NO,NO,,,,,,,,,,,,
SureCredit,ng.sure.surecredit,Nigeria/Delisted,NO,YES,,,,,,Lcom/tencent/bugly/crashreport/common/info/b;->u -> Landroid/os/Environment;->getExternalStorageState; Landroidx/core/content/FileProvider;->O -> Landroid/os/Environment;->getExternalStorageDirectory,,,,,,
GGmoney,com.ggmoney.money.online.loan.instant.credit.bank.app,Nigeria/Delisted,NO,NO,,,,,,,,,,,,
C Money,com.creditville,Nigeria/Delisted,YES,YES,,,,,,Lb/g/e/c;->g -> Landroid/os/Environment;->getExternalStorageDirectory; Lcom/facebook/internal/w0;->p -> Landroid/os/Environment;->getExternalStorageState,,,,,,
Ease Cash,com.ng.easecash,Nigeria/Delisted,NO,NO,,,,,,,,,,,,
Henloan,com.nairacash.henloan,Nigeria/Delisted,YES,YES,,,,,,Landroidx/core/os/EnvironmentCompat;->getStorageState -> Landroid/os/Environment;->getExternalStorageState; Landroidx/core/content/FileProvider;->parsePathStrategy -> Landroid/os/Environment;->getExternalStorageDirectory,,,,,,
Flypay Pro,loan.flypaypro.ydysx,Nigeria/Delisted,YES,NO,,,,,,,,,,,,
Nigeria Loan,com.nigeria.loan.credit.nigerialoan,Nigeria/Delisted,NO,NO,,,,,,,,,,,,
Get Loan,com.qc.getloan,Nigeria/Delisted,YES,NO,,,,,,,,,,,,
Apex Lending,al.cash.easy.creditapp,Nigeria/Delisted,NO,NO,,,,,,,,,,,,
Secucash,com.ng.secucash,Nigeria/Delisted,NO,NO,,,,,,,,,,,,
WeCredit,com.we.ng.credit,Nigeria/Delisted,YES,NO,,,,,,,,,,,,
CashMama,com.loancloud.nigeria.cashmama,Nigeria/Delisted,YES,YES,,,,,,Landroidx/core/os/EnvironmentCompat;->getStorageState -> Landroid/os/Environment;->getExternalStorageState; Landroidx/core/content/FileProvider;->parsePathStrategy -> Landroid/os/Environment;->getExternalStorageDirectory,,,,,,
FINE KUDI,cn.fk.fine.kudi,Nigeria/Delisted,YES,NO,,,,,,,,,,,,
Fibo,com.ftfarm.fibo,Pakistan/Delisted,YES,YES,,,,,,Landroidx/core/content/FileProvider;->i -> Landroid/os/Environment;->getExternalStorageDirectory,,,,,,
Get Loan On PanCard,com.loan.aadhar.pan.insurance.calculator.getloanonpancard,Pakistan/Delisted,NO,YES,,,,,,Lx5/vo;->call -> Landroid/os/Environment;->getExternalStorageState; Lx5/gm;->d -> Landroid/os/Environment;->getExternalStorageDirectory,,,,,,
LoanMarket,com.loanmarket,Pakistan/Delisted,YES,YES,,,,,,Landroid/support/v4/content/FileProvider;->parsePathStrategy -> Landroid/os/Environment;->getExternalStorageDirectory; Landroid/support/v4/os/EnvironmentCompat;->getStorageState -> Landroid/os/Environment;->getExternalStorageState,,,,,,
5 Minute Loan Apply Online,com.loanapp.onlineloan.applyonline.calc.Bankbalancecheck,Pakistan/Delisted,YES,YES,,,,,,Landroidx/core/os/EnvironmentCompat;->getStorageState -> Landroid/os/Environment;->getExternalStorageState; Landroidx/core/content/FileProvider;->parsePathStrategy -> Landroid/os/Environment;->getExternalStorageDirectory,,,,,,
Get Easy Paisa Loan App,com.paisaloanguide.loanguidepaisatips,Pakistan/Delisted,NO,YES,,,,,,Lcom/google/android/gms/internal/ads/zzbaa;->call -> Landroid/os/Environment;->getExternalStorageState; Landroidx/core/content/FileProvider;->i -> Landroid/os/Environment;->getExternalStorageDirectory,,,,,,
Fast Manee Loan Guide,com.simpleloan.instant.suparkash,Pakistan/Delisted,NO,YES,,,,,,Lcom/facebook/internal/b0;->R -> Landroid/os/Environment;->getExternalStorageState; Landroidx/core/content/FileProvider;->c -> Landroid/os/Environment;->getExternalStorageDirectory,,,,,,
SingleClick Pe Loan,com.singleclick.loanpe.trading.colourloan.b2l,Pakistan/Delisted,YES,YES,,,,,,Landroidx/core/os/EnvironmentCompat;->getStorageState -> Landroid/os/Environment;->getExternalStorageState; Landroidx/core/content/FileProvider;->parsePathStrategy -> Landroid/os/Environment;->getExternalStorageDirectory,,,,,,
Instant Cash Loan,com.getinstantloan.creditloan.cashloan,Pakistan/Delisted,YES,YES,,,,,,Lcom/google/android/gms/internal/ads/zzbis;->call -> Landroid/os/Environment;->getExternalStorageState; Landroidx/core/content/FileProvider;->parsePathStrategy -> Landroid/os/Environment;->getExternalStorageDirectory,,,,,,
Cash Dana,com.jalurlaba.app,Pakistan/Delisted,NO,NO,,,,,,,,,,,,
CreditBook,com.creditbookpk.creditbook,Pakistan/Approved,YES,YES,,,,,,Landroidx/core/os/EnvironmentCompat;->getStorageState -> Landroid/os/Environment;->getExternalStorageState; Landroidx/core/content/FileProvider;->parsePathStrategy -> Landroid/os/Environment;->getExternalStorageDirectory,,,,,,
Qist Bazaar,com.app.qistbazaar4,Pakistan/Approved,NO,YES,,,,,,Landroidx/core/os/EnvironmentCompat;->getStorageState -> Landroid/os/Environment;->getExternalStorageState; Landroidx/core/content/FileProvider;->parsePathStrategy -> Landroid/os/Environment;->getExternalStorageDirectory,,,,,,
Taleem,com.m7.taleem,Pakistan/Approved,NO,YES,,,,,,Le/h/j0/z;->a -> Landroid/os/Environment;->getExternalStorageState; Landroidx/core/content/FileProvider;->b -> Landroid/os/Environment;->getExternalStorageDirectory,,,,,,
MoneyTap,com.mycash.moneytap.app,Pakistan/Approved,YES,NO,,,,,,,,,,,,
Edufi,com.edufi.parent,Pakistan/Approved,NO,NO,,,,,,,,,,,,
Zood,com.zoodel.kz,Pakistan/Approved,YES,YES,,,,,,Landroidx/core/content/FileProvider;->b -> Landroid/os/Environment;->getExternalStorageDirectory; Lcom/facebook/internal/Utility;->setAppEventExtendedDeviceInfoParameters -> Landroid/os/Environment;->getExternalStorageState,,,,,,
JazzCash,com.techlogix.mobilinkcustomer,Pakistan/Approved,YES,YES,,,,,,Lo/getJavaName;->AudioAttributesCompatParcelizer -> Landroid/os/Environment;->getExternalStorageState; Lo/dispatchNestedPreScroll;->RemoteActionCompatParcelizer -> Landroid/os/Environment;->getExternalStorageDirectory,,,,,,
Abhi finance,com.abhifinance,Pakistan/Approved,YES,YES,,,,,,Landroidx/core/os/EnvironmentCompat;->getStorageState -> Landroid/os/Environment;->getExternalStorageState; Landroidx/core/content/FileProvider;->parsePathStrategy -> Landroid/os/Environment;->getExternalStorageDirectory,,,,,,
Muawin,com.raqqam.monamitech,Pakistan/Approved,NO,YES,,,,,,Lb/h/c/b;->a -> Landroid/os/Environment;->getExternalStorageDirectory,,,,,,
Pinja Modal,com.pinjammodal,Indonesia/Approved,YES,NO,,,,,,,,,,,,
DanaBagus,mobile.danabagus.android,Indonesia/Approved,NO,NO,,,,,,,,,,,,
Danakini,com.pyeuiioa.zaxfrccf,Indonesia/Approved,YES,YES,,,,,,Landroid/support/v4/content/FileProvider;->parsePathStrategy -> Landroid/os/Environment;->getExternalStorageDirectory; Lcom/danaring/indo/java/a/i;->a -> Landroid/os/Environment;->getExternalStorageState,,,,,,
KTA Kilat,com.pinjam.ktakilat,Indonesia/Approved,YES,YES,,,,,,Landroid/support/v4/content/FileProvider;->parsePathStrategy -> Landroid/os/Environment;->getExternalStorageDirectory; Landroid/support/v4/os/EnvironmentCompat;->getStorageState -> Landroid/os/Environment;->getExternalStorageState,,,,,,
Duha Syariah,com.duhasyariah.app,Indonesia/Approved,NO,NO,,,,,,,,,,,,
Avantee,com.id.avantee,Indonesia/Approved,YES,YES,,,,,,Landroid/support/v4/content/FileProvider;->parsePathStrategy -> Landroid/os/Environment;->getExternalStorageDirectory; Landroid/support/v4/os/EnvironmentCompat;->getStorageState -> Landroid/os/Environment;->getExternalStorageState,,,,,,
Kredito,com.kredito.fintek,Indonesia/Approved,YES,NO,,,,,,,,,,,,
DanaRupiah,id.danarupiah.weshare.jiekuan,Indonesia/Approved,YES,NO,,,,,,,,,,,,
@7F0F001E,com.klikcairapp,Indonesia/Approved,YES,NO,,,,,,,,,,,,
Danabijak,com.danabijak.mobile,Indonesia/Approved,YES,YES,,,,,,Landroid/support/v4/content/FileProvider;->b -> Landroid/os/Environment;->getExternalStorageDirectory,,,,,,
Solusiku,com.mysolusiku.solusiku,Indonesia/Approved,NO,YES,,,,,,Landroidx/core/content/FileProvider;->b -> Landroid/os/Environment;->getExternalStorageDirectory; Lcom/google/android/gms/internal/ads/fa;->call -> Landroid/os/Environment;->getExternalStorageState,,,,,,
Invoila,com.solmitrafintec.solmitramobile,Indonesia/Approved,YES,NO,,,,,,,,,,,,
KTA KILAT,com.ktakilat.loan,Indonesia/Approved,YES,YES,,,,,,Landroid/support/v4/content/FileProvider;->parsePathStrategy -> Landroid/os/Environment;->getExternalStorageDirectory; Landroid/support/v4/os/EnvironmentCompat;->getStorageState -> Landroid/os/Environment;->getExternalStorageState,,,,,,
@7F0F001E,com.danasyariah.mobiledanasyariah,Indonesia/Approved,YES,NO,,,,,,,,,,,,
Danamas Borrower (Peminjam),id.co.danamasbor,Indonesia/Approved,YES,NO,,,,,,,,,,,,
@7F0E001D,id.co.tokomodal.mobile,Indonesia/Approved,YES,NO,,,,,,,,,,,,
Fintek Syariah,id.co.finteksyariah.app.pembiayaan,Indonesia/Approved,YES,NO,,,,,,,,,,,,
PinjamanGo,com.pinjamango,Indonesia/Approved,NO,NO,,,,,,,,,,,,
Crowde,com.crowde.investor,Indonesia/Approved,YES,YES,,,,,,Landroidx/core/os/EnvironmentCompat;->getStorageState -> Landroid/os/Environment;->getExternalStorageState; Landroidx/core/content/FileProvider;->parsePathStrategy -> Landroid/os/Environment;->getExternalStorageDirectory,,,,,,
Finmas,com.oriente.finmas,Indonesia/Approved,NO,NO,,,,,,,,,,,,
MEKAR PINJAM,id.mekartigasampurna.mekarpinjam.app,Indonesia/Approved,YES,YES,,,,,,Landroid/support/v4/content/FileProvider;->parsePathStrategy -> Landroid/os/Environment;->getExternalStorageDirectory; Landroid/support/v4/os/EnvironmentCompat;->getStorageState -> Landroid/os/Environment;->getExternalStorageState,,,,,,
Klik Kami,com.ayo.klikkami,Indonesia/Approved,YES,NO,,,,,,,,,,,,
Dana Cepat,biro.pinjamuang.ngreditmurahki,Indonesia/Approved,YES,YES,,,,,,Landroid/support/v4/content/FileProvider;->parsePathStrategy -> Landroid/os/Environment;->getExternalStorageDirectory; Landroid/support/v4/os/EnvironmentCompat;->getStorageState -> Landroid/os/Environment;->getExternalStorageState,,,,,,
DompetKilat,com.dompetkilat.pinjaman,Indonesia/Approved,YES,NO,,,,,,,,,,,,
DanaKita,com.wDanaKita_KBL,Indonesia/Approved,YES,YES,,,,,,Lcom/adcolony/sdk/ar;->b -> Landroid/os/Environment;->getExternalStorageDirectory; Lcom/chartboost/sdk/impl/m;->c -> Landroid/os/Environment;->getExternalStorageState,,,,,,
Danakini,com.pbejydgb.ygzxmzcg,Indonesia/Approved,YES,YES,,,,,,Landroid/support/v4/content/FileProvider;->parsePathStrategy -> Landroid/os/Environment;->getExternalStorageDirectory; Lcom/danaring/indo/java/a/i;->a -> Landroid/os/Environment;->getExternalStorageState,,,,,,
True Loan,team.trueloan.loan,Nigeria/Approved,NO,NO,,,,,,,,,,,,
RexAfrica,com.rexmfb.mobile,Nigeria/Approved,YES,YES,,,,,,Landroidx/core/content/h;->h -> Landroid/os/Environment;->getExternalStorageDirectory,,,,,,
Future Cash,com.futurecash.nl.re,Nigeria/Approved,YES,NO,,,,,,,,,,,,
Umba,com.beatha.mkopokaka,Nigeria/Approved,YES,YES,,,,,,Landroidx/core/content/f;->k -> Landroid/os/Environment;->getExternalStorageDirectory; Lcom/facebook/internal/i1;->r -> Landroid/os/Environment;->getExternalStorageState,,,,,,
9money,com.credit.ninemoney,Nigeria/Approved,YES,NO,,,,,,,,,,,,
Flex Finance,business.finance.flex,Nigeria/Approved,YES,YES,,,,,,Landroidx/core/os/EnvironmentCompat;->getStorageState -> Landroid/os/Environment;->getExternalStorageState; Landroidx/core/content/FileProvider;->parsePathStrategy -> Landroid/os/Environment;->getExternalStorageDirectory,,,,,,
EasyKash,easykash.creditapp.loan,Nigeria/Approved,NO,NO,,,,,,,,,,,,
Veend,com.veendhq.mobileApp,Nigeria/Approved,YES,YES,,,,,,Landroidx/core/os/EnvironmentCompat;->getStorageState -> Landroid/os/Environment;->getExternalStorageState; Landroidx/core/content/FileProvider;->parsePathStrategy -> Landroid/os/Environment;->getExternalStorageDirectory,,,,,,
Aella,com.aella.comportal,Nigeria/Approved,YES,NO,,,,,,,,,,,,
IntsWallet,com.ng.flexfund,Nigeria/Approved,YES,NO,,,,,,,,,,,,
Tcredit,com.nigeria.tcredit,Nigeria/Approved,YES,NO,,,,,,,,,,,,
SavingsBox,com.reliance.savingsbox,Nigeria/Approved,YES,YES,,,,,,Landroidx/core/content/FileProvider;->parsePathStrategy -> Landroid/os/Environment;->getExternalStorageDirectory,,,,,,
Traction,co.tractionapp.traction,Nigeria/Approved,YES,YES,,,,,,Lcom/facebook/internal/Utility;->externalStorageExists -> Landroid/os/Environment;->getExternalStorageState; Landroidx/core/content/FileProvider;->parsePathStrategy -> Landroid/os/Environment;->getExternalStorageDirectory,,,,,,
Pivo,africa.pivo,Nigeria/Approved,YES,YES,,,,,,Landroidx/core/content/FileProvider;->h -> Landroid/os/Environment;->getExternalStorageDirectory,,,,,,
Quickcheck,io.quickcheck.loans,Nigeria/Approved,YES,YES,,,,,,Lcom/google/android/gms/internal/ads/zzawz;->zze -> Landroid/os/Environment;->getExternalStorageDirectory; Lcom/google/android/gms/internal/ads/zzbav;->call -> Landroid/os/Environment;->getExternalStorageState,,,,,,
Gogetcredit,go.get.credit,Nigeria/Approved,YES,NO,,,,,,,,,,,,
GoLoan,com.wegoloan.app.nigeria,Nigeria/Approved,YES,NO,,,,,,,,,,,,
Aibanc,co.aibanc.Aibanc_APP,Nigeria/Approved,YES,YES,,,,,,Lcom/ReactNativeBlobUtil/ReactNativeBlobUtilFS;->getLegacySystemfolders -> Landroid/os/Environment;->getExternalStorageState; Landroidx/core/content/FileProvider;->parsePathStrategy -> Landroid/os/Environment;->getExternalStorageDirectory,,,,,,
SilkLoan,silkloan.nigeria.credit.cash.loan,Nigeria/Approved,NO,NO,,,,,,,,,,,,
EaseMoni,com.loan.cash.credit.easemoni.nigeria,Nigeria/Approved,YES,NO,,,,,,,,,,,,
MintBag,com.finles.mintbag,Nigeria/Approved,YES,NO,,,,,,,,,,,,
Zelia,com.zeliaapp,Nigeria/Approved,YES,YES,,,,,,Lcom/christopherdro/htmltopdf/RNHTMLtoPDFModule;->convert -> Landroid/os/Environment;->getExternalStorageState; Landroidx/core/content/FileProvider;->parsePathStrategy -> Landroid/os/Environment;->getExternalStorageDirectory,,,,,,
VendorCredit,ng.vendorcredit.app,Nigeria/Approved,YES,YES,,,,,,Landroidx/core/content/FileProvider;->parsePathStrategy -> Landroid/os/Environment;->getExternalStorageDirectory,,,,,,
Lilycash,ng.personal.loan.lily.cash,Nigeria/Approved,YES,NO,,,,,,,,,,,,
Gocash,com.go.cash.cash.gocash,Nigeria/Approved,YES,NO,,,,,,,,,,,,
monee,com.nidcomsolutions.monee,Nigeria/Approved,YES,NO,,,,,,,,,,,,
liberty-pay,com.libertyassured.libertypay,Nigeria/Approved,YES,YES,,,,,,Landroidx/core/os/EnvironmentCompat;->getStorageState -> Landroid/os/Environment;->getExternalStorageState; Landroidx/core/content/FileProvider;->parsePathStrategy -> Landroid/os/Environment;->getExternalStorageDirectory,,,,,,
Palmcredit,com.transsnetfinancial.palmcredit,Nigeria/Approved,NO,NO,,,,,,,,,,,,
Payhippo,app.payhippo,Nigeria/Approved,YES,YES,,,,,,Landroidx/core/content/b;->g -> Landroid/os/Environment;->getExternalStorageDirectory; Lio/sentry/android/core/x0;->s -> Landroid/os/Environment;->getExternalStorageState,,,,,,
P2Vest,com.p2vest,Nigeria/Approved,YES,YES,,,,,,Landroidx/core/content/FileProvider;->parsePathStrategy -> Landroid/os/Environment;->getExternalStorageDirectory; Lcom/RNFetchBlob/RNFetchBlobFS;->getSDCardApplicationDir -> Landroid/os/Environment;->getExternalStorageState,,,,,,
AllCredit,com.allcredit.ls,Nigeria/Approved,YES,NO,,,,,,,,,,,,
Credit Wallet,com.credit.wallet,Nigeria/Approved,NO,YES,,,,,,Landroidx/core/content/FileProvider;->parsePathStrategy -> Landroid/os/Environment;->getExternalStorageDirectory; Lcom/blankj/utilcode/util/CleanUtils;->cleanExternalCache -> Landroid/os/Environment;->getExternalStorageState,,,,,,
Allawee,com.allaweepersonal.mobile,Nigeria/Approved,YES,YES,,,,,,Landroidx/core/os/EnvironmentCompat;->getStorageState -> Landroid/os/Environment;->getExternalStorageState; Landroidx/core/content/FileProvider;->parsePathStrategy -> Landroid/os/Environment;->getExternalStorageDirectory,,,,,,
NaijaEase,com.summit.naijaease,Nigeria/Approved,NO,NO,,,,,,,,,,,,
Newcredit,com.pbank.newcredit,Nigeria/Approved,NO,NO,,,,,,,,,,,,
FastCent,com.ng.FastCent,Nigeria/Approved,NO,NO,,,,,,,,,,,,
,com.loan.naira.cash.ng9,Nigeria/Approved,YES,NO,,,,,,,,,,,,
Xcrosscash,com.xcash.xcrosscash,Nigeria/Approved,NO,NO,,,,,,,,,,,,
Irorun,com.irorun,Nigeria/Approved,YES,NO,,,,,,,,,,,,
VoiceMoney,com.voicemoney.vmey,Nigeria/Approved,YES,NO,,,,,,,,,,,,
Apex Loan,com.apex.loan.ng.app,Nigeria/Approved,NO,NO,,,,,,,,,,,,
HadiFinance,com.hadifinance.hadifinanceapp,Nigeria/Approved,YES,YES,,,,,,Landroidx/core/content/g;->k -> Landroid/os/Environment;->getExternalStorageDirectory,,,,,,
Hi Fund,com.hifund.money.kash.loan,Nigeria/Approved,NO,NO,,,,,,,,,,,,
OmniKash,com.omnikash.xxko,Nigeria/Approved,NO,NO,,,,,,,,,,,,
Easy Money Loan,com.cash.loan.personal.kash.cash9ja.xcredit.payday.credit9.money,Nigeria/Approved,YES,NO,,,,,,,,,,,,
Credpal,com.credpal.loan,Nigeria/Approved,YES,YES,,,,,,Landroidx/core/content/FileProvider;->j -> Landroid/os/Environment;->getExternalStorageDirectory; Ls6/p0;->s -> Landroid/os/Environment;->getExternalStorageState,,,,,,
KashLoan,com.principal.loan.cash.principalloan,Nigeria/Approved,YES,NO,,,,,,,,,,,,
Airmoni,com.commercemen.airmoni,Nigeria/Approved,YES,NO,,,,,,,,,,,,
Bold,com.dodo_mobile,Nigeria/Approved,YES,YES,,,,,,Landroidx/core/content/FileProvider;->parsePathStrategy -> Landroid/os/Environment;->getExternalStorageDirectory,,,,,,
LendMe,co.mylendme.mobile,Nigeria/Approved,YES,YES,,,,,,Landroidx/core/os/EnvironmentCompat;->getStorageState -> Landroid/os/Environment;->getExternalStorageState; Landroidx/core/content/FileProvider;->parsePathStrategy -> Landroid/os/Environment;->getExternalStorageDirectory,,,,,,
TrustLaon,com.trustloan.finserve.nigeria.creditline.xpress,Nigeria/Approved,NO,NO,,,,,,,,,,,,
NairaGo,com.muska.tech.nairago,Nigeria/Approved,YES,NO,,,,,,,,,,,,
KashCash,ng.kashcash.kash,Nigeria/Approved,NO,NO,,,,,,,,,,,,
Rockshield MFB,com.fintellia.rockshieldmfb,Nigeria/Approved,YES,YES,,,,,,Lcom/ReactNativeBlobUtil/ReactNativeBlobUtilFS;->getLegacySystemfolders -> Landroid/os/Environment;->getExternalStorageState; Landroidx/core/content/FileProvider;->parsePathStrategy -> Landroid/os/Environment;->getExternalStorageDirectory,,,,,,
Easyfund,com.loan.easyfund,Nigeria/Approved,YES,NO,,,,,,,,,,,,
Care Finance,care.finance,Nigeria/Approved,YES,NO,,,,,,,,,,,,
,com.lenddo.mobile.paylater,Nigeria/Approved,YES,YES,,,,,,Lcom/netcore/android/utility/SMTCommonUtility;->isExternalStorageReadable -> Landroid/os/Environment;->getExternalStorageState; Lcom/zoho/livechat/android/ViewBotCardImageActivity$2;->onMenuItemClick -> Landroid/os/Environment;->getExternalStorageDirectory,,,,,,
Rapaid,com.rapaidv1,Nigeria/Approved,YES,YES,,,,,,Landroidx/core/content/FileProvider;->parsePathStrategy -> Landroid/os/Environment;->getExternalStorageDirectory,,,,,,
TradeCredit,com.trade.ca.credit,Nigeria/Approved,YES,NO,,,,,,,,,,,,
Edike,com.edikemobile,Nigeria/Approved,YES,YES,,,,,,Lcom/ReactNativeBlobUtil/ReactNativeBlobUtilFS;->getSDCardApplicationDir -> Landroid/os/Environment;->getExternalStorageState; Landroidx/core/content/FileProvider;->parsePathStrategy -> Landroid/os/Environment;->getExternalStorageDirectory,,,,,,
Our Pass,co.our.pass.stg,Nigeria/Approved,NO,YES,,,,,,Lo7/e0;->J -> Landroid/os/Environment;->getExternalStorageState; Lcom/mr/flutter/plugin/filepicker/c;->d -> Landroid/os/Environment;->getExternalStorageDirectory,,,,,,
CashRun,cash.run.credit.easy.loan,Nigeria/Approved,NO,NO,,,,,,,,,,,,
Lendigo,com.lendigo.app,Nigeria/Approved,YES,NO,,,,,,,,,,,,
Dot,com.digicore.dot,Nigeria/Approved,YES,YES,,,,,,Landroidx/core/content/FileProvider;->parsePathStrategy -> Landroid/os/Environment;->getExternalStorageDirectory,,,,,,
PayLater,com.paylaterapp.paylater,Nigeria/Approved,NO,YES,,,,,,Lh1/i;->j -> Landroid/os/Environment;->getExternalStorageDirectory,,,,,,
@7F0F002C,com.nigeria.android.mooncard,Nigeria/Approved,YES,NO,,,,,,,,,,,,
9Credit Go,com.ted.ng.ninecreditgo.credit.loans,Nigeria/Approved,YES,NO,,,,,,,,,,,,
Sycamore,ng.sycamore.app2,Nigeria/Approved,YES,YES,,,,,,Lcom/freshchat/consumer/sdk/j/aa;->aL -> Landroid/os/Environment;->getExternalStorageState; Landroidx/core/content/FileProvider;->parsePathStrategy -> Landroid/os/Environment;->getExternalStorageDirectory,,,,,,
Finpadi,com.finpadimobile,Nigeria/Approved,YES,YES,,,,,,Landroidx/core/content/FileProvider;->parsePathStrategy -> Landroid/os/Environment;->getExternalStorageDirectory,,,,,,
OyesCredit,com.end.wall.week,Nigeria/Approved,YES,NO,,,,,,,,,,,,
MenaCred,com.menamobile,Nigeria/Approved,YES,YES,,,,,,Landroidx/core/os/EnvironmentCompat;->getStorageState -> Landroid/os/Environment;->getExternalStorageState; Landroidx/core/content/FileProvider;->parsePathStrategy -> Landroid/os/Environment;->getExternalStorageDirectory,,,,,,
Hometown,com.hometown.app,Nigeria/Approved,NO,NO,,,,,,,,,,,,
Credlock Business,app.credlockng.merchant,Nigeria/Approved,YES,YES,,,,,,Landroidx/core/content/b;->i -> Landroid/os/Environment;->getExternalStorageDirectory,,,,,,
OKCash,com.falcon.teer.baro.cash,Nigeria/Approved,NO,NO,,,,,,,,,,,,
Cash9ja,com.samued.cashnaija,Nigeria/Approved,NO,NO,,,,,,,,,,,,
Okloan,com.oxloanpro.cash.credit.nigeria,Nigeria/Approved,NO,NO,,,,,,,,,,,,
Cashpaddie,com.lucky.cashpaddie,Nigeria/Approved,YES,NO,,,,,,,,,,,,
SwiftNaira,swift.loan.naira.app,Nigeria/Approved,YES,NO,,,,,,,,,,,,
Hermoney,com.hermoney.app,Nigeria/Approved,YES,YES,,,,,,Landroidx/core/os/EnvironmentCompat;->getStorageState -> Landroid/os/Environment;->getExternalStorageState; Landroidx/core/content/FileProvider;->parsePathStrategy -> Landroid/os/Environment;->getExternalStorageDirectory,,,,,,
Morecash,com.loan.credit.new.morecash,Nigeria/Approved,NO,NO,,,,,,,,,,,,
Fewchore Mobile,com.exolve.fewchorepay,Nigeria/Approved,NO,YES,,,,,,Ly/b;->g -> Landroid/os/Environment;->getExternalStorageDirectory,,,,,,
VybeCash,com.vybecash.app,Nigeria/Approved,NO,YES,,,,,,Lio/sentry/android/core/s0;->s -> Landroid/os/Environment;->getExternalStorageState; Landroidx/core/content/b;->f -> Landroid/os/Environment;->getExternalStorageDirectory,,,,,,
Ellimoney,com.airopay.agents,Nigeria/Approved,YES,YES,,,,,,Landroidx/core/content/FileProvider;->parsePathStrategy -> Landroid/os/Environment;->getExternalStorageDirectory,,,,,,
Koins,com.primerabank.primera_mobile,Nigeria/Approved,NO,YES,,,,,,Landroidx/core/content/b;->h -> Landroid/os/Environment;->getExternalStorageDirectory,,,,,,
GetNaira,com.getnaira.online.loan.instant.credit,Nigeria/Approved,YES,NO,,,,,,,,,,,,
Adashe,com.adashe.app.adashe,Nigeria/Approved,YES,YES,,,,,,Landroidx/core/content/FileProvider;->parsePathStrategy -> Landroid/os/Environment;->getExternalStorageDirectory; Lcom/smileidentity/libsmileid/core/SIFileManager;->isExternalStorageReadable -> Landroid/os/Environment;->getExternalStorageState,,,,,,
Primepay,com.client.primepay,Nigeria/Approved,NO,NO,,,,,,,,,,,,
TradeLenda,com.tradelenda.app,Nigeria/Approved,YES,YES,,,,,,Lcom/ReactNativeBlobUtil/ReactNativeBlobUtilFS;->getLegacySystemfolders -> Landroid/os/Environment;->getExternalStorageState; Landroidx/core/content/FileProvider;->parsePathStrategy -> Landroid/os/Environment;->getExternalStorageDirectory,,,,,,
Vkash,safe.vkashpro.loan,Nigeria/Approved,YES,NO,,,,,,,,,,,,
Renmoney,com.renmoney.android,Nigeria/Approved,YES,YES,,,,,,Lcom/facebook/internal/i1;->s -> Landroid/os/Environment;->getExternalStorageState; Landroidx/core/content/FileProvider;->parsePathStrategy -> Landroid/os/Environment;->getExternalStorageDirectory,,,,,,
Plenty Cash,ng.com.plentycash,Nigeria/Approved,YES,NO,,,,,,,,,,,,
com.kash.money.palm.minicredit.new.naira.loan,com.kash.money.palm.minicredit.new.naira.loan,Nigeria/Approved,NO,NO,,,,,,,,,,,,
Pasa,com.pride.pasa,Nigeria/Approved,YES,NO,,,,,,,,,,,,
Nicenaira Plus,com.credit.nicenaira,Nigeria/Approved,YES,NO,,,,,,,,,,,,
Xcash,com.loanx.cashloan,Nigeria/Approved,NO,NO,,,,,,,,,,,,
ZoomCash,com.zoomcash.app.financial.services.mobilepay,Nigeria/Approved,NO,NO,,,,,,,,,,,,
Hi Wallet,nigeria.cash.loan.hiwallet,Nigeria/Approved,NO,NO,,,,,,,,,,,,
Regxta,com.info.regxta,Nigeria/Approved,YES,YES,,,,,,Landroidx/core/os/EnvironmentCompat;->getStorageState -> Landroid/os/Environment;->getExternalStorageState; Landroidx/core/content/FileProvider;->parsePathStrategy -> Landroid/os/Environment;->getExternalStorageDirectory,,,,,,
UltraCash,ultracash.fast.loan,Nigeria/Approved,NO,NO,,,,,,,,,,,,
Vibecredit,com.vibecredit,Nigeria/Approved,NO,NO,,,,,,,,,,,,
@7F10001C,com.cash.lnonline,Nigeria/Approved,YES,NO,,,,,,,,,,,,
PhastMoney,com.phastmoney,Nigeria/Approved,YES,NO,,,,,,,,,,,,
Raiz,com.raiz.application,Nigeria/Approved,YES,YES,,,,,,Landroidx/core/content/FileProvider;->parsePathStrategy -> Landroid/os/Environment;->getExternalStorageDirectory,,,,,,
O2 Finance,com.o2intlfin.loans,Nigeria/Approved,NO,YES,,,,,,Landroidx/core/content/b;->j -> Landroid/os/Environment;->getExternalStorageDirectory,,,,,,
Loanmate,com.bwfoxlending.nigeria,Nigeria/Approved,YES,NO,,,,,,,,,,,,
Tradedepot,co.tradedepot.shop,Nigeria/Approved,YES,YES,,,,,,Lio/sentry/android/core/Y;->s -> Landroid/os/Environment;->getExternalStorageState; Landroidx/core/content/FileProvider;->parsePathStrategy -> Landroid/os/Environment;->getExternalStorageDirectory,,,,,,
HerVest,com.hervest,Nigeria/Approved,YES,YES,,,,,,La4/b;->j -> Landroid/os/Environment;->getExternalStorageDirectory; Lg9/n0;->s -> Landroid/os/Environment;->getExternalStorageState,,,,,,
Rocket Loan Plus,com.silver.gooseplus.wallet.goosewallet,Nigeria/Approved,YES,NO,,,,,,,,,,,,
LCredit Max,cashigo.loan.lcreditmax,Nigeria/Approved,YES,NO,,,,,,,,,,,,
@7F10001C,com.smart.loan.money.smartloan,Nigeria/Approved,YES,NO,,,,,,,,,,,,
Klump,com.klump.inc.mobile,Nigeria/Approved,NO,YES,,,,,,Ln1/b;->d -> Landroid/os/Environment;->getExternalStorageDirectory,,,,,,
WayaCredit,com.mycrat.wayacreditng,Nigeria/Approved,YES,NO,,,,,,,,,,,,
PearlCash,com.nigeria.app.vsnaira,Nigeria/Approved,NO,NO,,,,,,,,,,,,
Pilla,com.investment.pilla,Nigeria/Approved,NO,YES,,,,,,Landroidx/core/content/e;->parsePathStrategy -> Landroid/os/Environment;->getExternalStorageDirectory,,,,,,
PayFiMobile,com.otoreport.apkpayfimobile,Nigeria/Approved,YES,YES,,,,,,Landroidx/core/content/FileProvider;->g -> Landroid/os/Environment;->getExternalStorageDirectory; Lcom/exlusoft/otoreport/Camera2Activity$h;->a -> Landroid/os/Environment;->getExternalStorageState,,,,,,
Payfi,com.payfi.ng,Nigeria/Approved,YES,YES,,,,,,Landroidx/core/os/EnvironmentCompat;->getStorageState -> Landroid/os/Environment;->getExternalStorageState; Landroidx/core/content/FileProvider;->parsePathStrategy -> Landroid/os/Environment;->getExternalStorageDirectory,,,,,,
Branch,com.branch_international.branch.branch_demo_android,Nigeria/Approved,YES,NO,,,,,,,,,,,,
Alladin Digital,com.aladdin.digital,Nigeria/Approved,YES,YES,,,,,,Lcom/facebook/internal/Utility;->externalStorageExists -> Landroid/os/Environment;->getExternalStorageState; Landroidx/core/content/FileProvider;->parsePathStrategy -> Landroid/os/Environment;->getExternalStorageDirectory,,,,,,
Moni,com.rank.moni,Nigeria/Approved,YES,YES,,,,,,Lcom/freshchat/consumer/sdk/util/cc;->bU -> Landroid/os/Environment;->getExternalStorageState; Landroidx/core/content/FileProvider;->parsePathStrategy -> Landroid/os/Environment;->getExternalStorageDirectory,,,,,,
LairaPlus,com.lairaplus.naira.loan.nigeria,Nigeria/Approved,NO,NO,,,,,,,,,,,,
NCASH,com.ng.product.ncash,Nigeria/Approved,YES,NO,,,,,,,,,,,,
AjeLoan,ng.com.ajeloan,Nigeria/Approved,NO,NO,,,,,,,,,,,,
Nicekash,com.loan.nicekash,Nigeria/Approved,NO,NO,,,,,,,,,,,,
Riverbank,io.ionic.riverbank,Nigeria/Approved,NO,YES,,,,,,Landroidx/core/content/FileProvider;->parsePathStrategy -> Landroid/os/Environment;->getExternalStorageDirectory,,,,,,
Shara,co.shara.lite,Nigeria/Approved,YES,YES,,,,,,Landroidx/core/os/EnvironmentCompat;->getStorageState -> Landroid/os/Environment;->getExternalStorageState; Landroidx/core/content/FileProvider;->parsePathStrategy -> Landroid/os/Environment;->getExternalStorageDirectory,,,,,,
Hcwallet,com.ng.haloocredit,Nigeria/Approved,NO,NO,,,,,,,,,,,,
Pennee,com.pennee.tech,Nigeria/Approved,YES,YES,,,,,,Lc/e/e/b;->h -> Landroid/os/Environment;->getExternalStorageDirectory,,,,,,
Incash,com.nig.incash.org,Nigeria/Approved,NO,YES,,,,,,Lcom/mr/flutter/plugin/filepicker/b;->q -> Landroid/os/Environment;->getExternalStorageDirectory,,,,,,
KiaKia finance,com.kiakiafinance.app,Nigeria/Approved,NO,YES,,,,,,Lb3/c;->parsePathStrategy -> Landroid/os/Environment;->getExternalStorageDirectory,,,,,,
FairMoney,ng.com.fairmoney.fairmoney,Nigeria/Approved,YES,YES,,,,,,Lio/sentry/android/core/DeviceInfoUtil;->isExternalStorageMounted -> Landroid/os/Environment;->getExternalStorageState; Landroidx/core/content/FileProvider;->parsePathStrategy -> Landroid/os/Environment;->getExternalStorageDirectory,,,,,,
Max Moni,com.loan.new.maxmoni,Nigeria/Approved,NO,NO,,,,,,,,,,,,
LoanNaira,com.loan.naira.now,Nigeria/Approved,NO,NO,,,,,,,,,,,,
@7F10002D,com.ng.swifund,Nigeria/Approved,NO,NO,,,,,,,,,,,,
CayCredit,credit.caycredit.finance.loan.money,Nigeria/Approved,NO,NO,,,,,,,,,,,,
iCredit,com.loan.icredit.creditng,Nigeria/Approved,YES,NO,,,,,,,,,,,,
EaziPay,com.myeazipay.business,Nigeria/Approved,NO,YES,,,,,,Landroidx/core/os/EnvironmentCompat;->getStorageState -> Landroid/os/Environment;->getExternalStorageState; Landroidx/core/content/FileProvider;->parsePathStrategy -> Landroid/os/Environment;->getExternalStorageDirectory,,,,,,
UnlockCash,com.boyu.luans,Nigeria/Approved,YES,NO,,,,,,,,,,,,
Hi Credit,com.may.android.hicredit,Nigeria/Approved,YES,NO,,,,,,,,,,,,
Newlending,com.loan.newlending.through,Nigeria/Approved,YES,YES,,,,,,Landroidx/core/content/FileProvider;->f -> Landroid/os/Environment;->getExternalStorageDirectory; Lk/a/c/b;->getSdcardState -> Landroid/os/Environment;->getExternalStorageState,,,,,,
Growly,com.tpdn.growly.mobile,Nigeria/Approved,YES,NO,,,,,,,,,,,,
PonyCash,com.ponycash.poca.nysh,Nigeria/Approved,YES,NO,,,,,,,,,,,,
CreditWise,ng.wise.creditwise,Nigeria/Approved,NO,NO,,,,,,,,,,,,
Supreme MFB,com.fintellia.suprememfbs,Nigeria/Approved,YES,YES,,,,,,Lcom/ReactNativeBlobUtil/ReactNativeBlobUtilFS;->getLegacySystemfolders -> Landroid/os/Environment;->getExternalStorageState; Landroidx/core/content/FileProvider;->parsePathStrategy -> Landroid/os/Environment;->getExternalStorageDirectory,,,,,,
retailboosters,com.retailboosters,Nigeria/Approved,YES,YES,,,,,,Landroidx/core/content/b;->parsePathStrategy -> Landroid/os/Environment;->getExternalStorageDirectory,,,,,,
ClanPay,com.repay.com,Nigeria/Approved,NO,NO,,,,,,,,,,,,
WowPera,com.wow.pera,Philippines/Approved,YES,NO,,,,,,,,,,,,
HappyPera 2,com.happyperatwo.app,Philippines/Approved,NO,NO,,,,,,,,,,,,
BillEase,ph.billease,Philippines/Approved,YES,YES,,,,,,Landroid/support/v4/content/FileProvider;->parsePathStrategy -> Landroid/os/Environment;->getExternalStorageDirectory; Landroid/support/v4/os/EnvironmentCompat;->getStorageState -> Landroid/os/Environment;->getExternalStorageState,,,,,,
PeraJet,perajet.ph.credoapp,Philippines/Approved,YES,YES,,,,,,Lcom/google/android/gms/internal/ads/c70;->b -> Landroid/os/Environment;->getExternalStorageDirectory; Lcom/google/android/gms/internal/ads/l60;->call -> Landroid/os/Environment;->getExternalStorageState,,,,,,
Valley loan,com.valley.loan,Philippines/Approved,YES,NO,,,,,,,,,,,,
PesoCash,com.myloan.pesocash,Philippines/Approved,NO,NO,,,,,,,,,,,,
Cashcash Philippines,com.firestorm.sea.loanmarket,Philippines/Approved,YES,YES,,,,,,Landroid/support/v4/content/FileProvider;->parsePathStrategy -> Landroid/os/Environment;->getExternalStorageDirectory; Landroid/support/v4/os/EnvironmentCompat;->getStorageState -> Landroid/os/Environment;->getExternalStorageState,,,,,,
Zippeso - Online Cash Loan,ph.zippeso.online.cash.loan,Philippines/Approved,YES,NO,,,,,,,,,,,,
Vplus,com.v.plus.vplus,Philippines/Approved,NO,NO,,,,,,,,,,,,
Pesokwento,com.philipin.pesokwento.loan,Philippines/Approved,YES,NO,,,,,,,,,,,,
@7F100022,com.liang.chan,Philippines/Approved,YES,NO,,,,,,,,,,,,
CredTap,in.atome,Philippines/Approved,YES,YES,,,,,,Lai/atome/b/e;->c -> Landroid/os/Environment;->getExternalStorageDirectory; Lcom/facebook/accountkit/internal/sa;->f -> Landroid/os/Environment;->getExternalStorageState,,,,,,
PesoGo,com.yigomob.philippine.pesogo,Philippines/Approved,YES,YES,,,,,,Lcom/facebook/accountkit/internal/ai;->h -> Landroid/os/Environment;->getExternalStorageState; Landroid/support/v4/content/FileProvider;->b -> Landroid/os/Environment;->getExternalStorageDirectory,,,,,,
cashwow,ph.cashwow11.android,Philippines/Approved,NO,YES,,,,,,Lcom/tencent/bugly/yaq/crashreport/common/info/b;->l -> Landroid/os/Environment;->getExternalStorageDirectory; Lcom/tencent/bugly/yaq/crashreport/common/info/b;->t -> Landroid/os/Environment;->getExternalStorageState,,,,,,
Pesolaon,com.pesoloan,Philippines/Approved,NO,NO,,,,,,,,,,,,
iPeso,com.qiantanglending.vps,Philippines/Approved,YES,YES,,,,,,Landroid/support/v4/content/FileProvider;->parsePathStrategy -> Landroid/os/Environment;->getExternalStorageDirectory; Landroid/support/v4/os/T00000t;->T000000t -> Landroid/os/Environment;->getExternalStorageState,,,,,,
pera247,versluisant.kredit24,Philippines/Approved,YES,YES,,,,,,Lcom/facebook/internal/w;->o -> Landroid/os/Environment;->getExternalStorageState; Lcc/a$b;->a -> Landroid/os/Environment;->getExternalStorageDirectory,,,,,,
Pesohere,com.pesohere.android,Philippines/Approved,YES,NO,,,,,,,,,,,,
GoPeso,com.ph.loan.android,Philippines/Approved,YES,YES,,,,,,Lcom/example/test/operationlib/frame/utils/FileUtil;->getCachePath -> Landroid/os/Environment;->getExternalStorageState; Landroidx/core/content/FileProvider;->b -> Landroid/os/Environment;->getExternalStorageDirectory,,,,,,
Pinoy Peso,com.cga.cash,Philippines/Approved,NO,YES,,,,,,Landroidx/core/content/FileProvider;->b -> Landroid/os/Environment;->getExternalStorageDirectory; Lcom/alibaba/sdk/android/oss/common/OSSLogToFileUtils;->getLogFile -> Landroid/os/Environment;->getExternalStorageState,,,,,,
JuanHand,com.juanhand.fast.cash.peso.loan.app,Philippines/Approved,NO,NO,,,,,,,,,,,,
MadaLoan,ooifxdso.opxosduf.oqexred,Philippines/Approved,YES,YES,,,,,,Lcom/facebook/internal/Utility;->externalStorageExists -> Landroid/os/Environment;->getExternalStorageState; Landroidx/core/content/FileProvider;->b -> Landroid/os/Environment;->getExternalStorageDirectory,,,,,,
Fast Peso,ph.fast.peso,Philippines/Approved,YES,YES,,,,,,Lcn/fraudmetrix/octopus/aspirit/utils/i;->a -> Landroid/os/Environment;->getExternalStorageState; Landroid/support/v4/content/FileProvider;->b -> Landroid/os/Environment;->getExternalStorageDirectory,,,,,,
Peso2Go,com.peso2go,Philippines/Approved,YES,YES,,,,,,Landroid/support/v4/content/FileProvider;->parsePathStrategy -> Landroid/os/Environment;->getExternalStorageDirectory; Lio/sentry/android/event/helper/AndroidEventBuilderHelper;->isExternalStorageMounted -> Landroid/os/Environment;->getExternalStorageState,,,,,,
Pesos.ph,pesop.jkaht,Philippines/Approved,YES,NO,,,,,,,,,,,,
Pera,com.vip.pera,Philippines/Approved,YES,NO,,,,,,,,,,,,
PesoQ,com.tmart.pesoq,Philippines/Approved,YES,NO,,,,,,,,,,,,
Credit Peso,com.wdjk.mcvay,Philippines/Approved,YES,NO,,,,,,,,,,,,
Easy Peso,com.easy.cash.loan,Philippines/Approved,YES,YES,,,,,,Landroid/support/v4/content/FileProvider;->parsePathStrategy -> Landroid/os/Environment;->getExternalStorageDirectory; Landroid/support/v4/os/EnvironmentCompat;->getStorageState -> Landroid/os/Environment;->getExternalStorageState,,,,,,
LendPeso Market,com.jrweid.pilipinas.loanmarket,Philippines/Approved,YES,YES,,,,,,Landroidx/core/os/EnvironmentCompat;->getStorageState -> Landroid/os/Environment;->getExternalStorageState; Landroidx/core/content/FileProvider;->parsePathStrategy -> Landroid/os/Environment;->getExternalStorageDirectory,,,,,,
Borrow Peso,com.jrweid.pautang.peso,Philippines/Approved,YES,YES,,,,,,Lcom/facebook/internal/ac;->c -> Landroid/os/Environment;->getExternalStorageState; Landroid/support/v4/content/FileProvider;->b -> Landroid/os/Environment;->getExternalStorageDirectory,,,,,,
QuickLa,com.luck.duck.quickla,Philippines/Approved,NO,NO,,,,,,,,,,,,
OkPeso,tech.codeblock.okpeso,Philippines/Approved,NO,NO,,,,,,,,,,,,
PesoBuffet,com.abs.pesobuffet.android,Philippines/Approved,NO,NO,,,,,,,,,,,,
Akulaku Finance,io.silvrr.finance,Philippines/Approved,YES,NO,,,,,,,,,,,,
Fcash,com.touchlend.fcash,Philippines/Approved,YES,YES,,,,,,Landroidx/core/os/EnvironmentCompat;->getStorageState -> Landroid/os/Environment;->getExternalStorageState; Landroidx/core/content/FileProvider;->parsePathStrategy -> Landroid/os/Environment;->getExternalStorageDirectory,,,,,,
PagHiram,com.phoneapp.paghiram,Philippines/Approved,YES,YES,,,,,,Lcom/blankj/utilcode/util/h$a;-><init> -> Landroid/os/Environment;->getExternalStorageState; Landroidx/core/a/b;->a -> Landroid/os/Environment;->getExternalStorageDirectory,,,,,,
MayPera,com.maypera.peso,Philippines/Approved,YES,NO,,,,,,,,,,,,
Lemon Loan,com.lemon.loan,Philippines/Approved,YES,YES,,,,,,Lcom/facebook/accountkit/internal/x;->j -> Landroid/os/Environment;->getExternalStorageState; Landroid/support/v4/content/FileProvider;->b -> Landroid/os/Environment;->getExternalStorageDirectory,,,,,,
Cashme,ph.cashme666.android,Philippines/Approved,YES,NO,,,,,,,,,,,,
Peso Advance,com.pesoadvance.app,Philippines/Approved,YES,YES,,,,,,Landroid/support/v4/content/FileProvider;->i -> Landroid/os/Environment;->getExternalStorageDirectory; Lcn/fraudmetrix/octopus/aspirit/utils/i;->p -> Landroid/os/Environment;->getExternalStorageState,,,,,,
Peso Pocket,com.hffeilvbin.pesopocket,Philippines/Approved,YES,YES,,,,,,Landroid/support/v4/content/FileProvider;->parsePathStrategy -> Landroid/os/Environment;->getExternalStorageDirectory; Landroid/support/v4/os/EnvironmentCompat;->getStorageState -> Landroid/os/Environment;->getExternalStorageState,,,,,,
Light Kredit,com.hffeilvbin.lightkredit,Philippines/Approved,YES,YES,,,,,,Landroid/support/v4/content/FileProvider;->parsePathStrategy -> Landroid/os/Environment;->getExternalStorageDirectory; Landroid/support/v4/os/EnvironmentCompat;->getStorageState -> Landroid/os/Environment;->getExternalStorageState,,,,,,
HappyCash,com.yinshan.happycashPro,Philippines/Approved,YES,YES,,,,,,Landroidx/core/os/EnvironmentCompat;->getStorageState -> Landroid/os/Environment;->getExternalStorageState; Landroidx/core/content/FileProvider;->parsePathStrategy -> Landroid/os/Environment;->getExternalStorageDirectory,,,,,,
Pautang Peso,ph.lhl.pautangpeso,Philippines/Delisted,YES,NO,,,,,,,,,,,,
Start Loan,ph.fk.startloan,Philippines/Delisted,YES,YES,,,,,,Landroidx/core/os/OooO0o;->OooO00o -> Landroid/os/Environment;->getExternalStorageState; Landroidx/core/content/FileProvider;->parsePathStrategy -> Landroid/os/Environment;->getExternalStorageDirectory,,,,,,
Pesopop,com.pesopop,Philippines/Delisted,NO,NO,,,,,,,,,,,,
First Cash,com.vincocopeso.propitious,Philippines/Delisted,YES,NO,,,,,,,,,,,,
Lucky Loan,luckyloan.shelck,Philippines/Delisted,YES,NO,,,,,,,,,,,,
upeso,com.lanhai.upesocash,Philippines/Delisted,NO,NO,,,,,,,,,,,,
Pondo Loan,ph.fk.pondoloan,Philippines/Delisted,YES,YES,,,,,,Landroidx/core/os/OooO0o;->OooO00o -> Landroid/os/Environment;->getExternalStorageState; Landroidx/core/content/FileProvider;->parsePathStrategy -> Landroid/os/Environment;->getExternalStorageDirectory,,,,,,
NewCash,com.perabag.app,Philippines/Delisted,YES,NO,,,,,,,,,,,,
