"App Name","Package Name","Country/Classification","InternetAccessAPI","SensitiveAPI","android.permission.INTERNET","android.permission.ACCESS_FINE_LOCATION","android.permission.QUERY_ALL_PACKAGES","android.permission.READ_CALL_LOG","android.permission.READ_CONTACTS","android.permission.READ_EXTERNAL_STORAGE","android.permission.READ_MEDIA_AUDIO","android.permission.READ_MEDIA_IMAGES","android.permission.READ_MEDIA_VIDEO","android.permission.READ_PHONE_NUMBERS","android.permission.READ_SMS","android.permission.WRITE_EXTERNAL_STORAGE"
"Ngao Credit","com.extrainch.ngaocredit","Kenya/Approved","YES","YES","","","","","","Landroidx/core/content/FileProvider;->parsePathStrategy -> Landroid/os/Environment;->getExternalStorageDirectory; Lcom/metamap/sdk_components/crash_reporter/sentry/io/sentry/android/core/DefaultAndroidEventProcessor;->isExternalStorageMounted -> Landroid/os/Environment;->getExternalStorageState","","","","","",""
"L-Pesa","com.app.l_pesa","Kenya/Approved","YES","YES","","","","","","Landroidx/core/content/FileProvider;->parsePathStrategy -> Landroid/os/Environment;->getExternalStorageDirectory; Landroidx/core/os/EnvironmentCompat;->getStorageState -> Landroid/os/Environment;->getExternalStorageDirectory; Landroidx/core/os/EnvironmentCompat;->getStorageState -> Landroid/os/Environment;->getExternalStorageState; Lcom/facebook/internal/Utility;->externalStorageExists -> Landroid/os/Environment;->getExternalStorageState; Lcom/facebook/internal/Utility;->refreshAvailableExternalStorage -> Landroid/os/Environment;->getExternalStorageDirectory; Lcom/facebook/internal/Utility;->refreshTotalExternalStorage -> Landroid/os/Environment;->getExternalStorageDirectory; Lio/sentry/android/event/helper/AndroidEventBuilderHelper;->getTotalExternalStorage -> Landroid/os/Environment;->getExternalStorageDirectory; Lio/sentry/android/event/helper/AndroidEventBuilderHelper;->getUnusedExternalStorage -> Landroid/os/Environment;->getExternalStorageDirectory; Lio/sentry/android/event/helper/AndroidEventBuilderHelper;->isExternalStorageMounted -> Landroid/os/Environment;->getExternalStorageState; Lsdk/zoop/one/offline_aadhaar/zoopFragment/XmlAssistModeFragment;->downloadZip -> Landroid/os/Environment;->getExternalStorageState; Lsdk/zoop/one/offline_aadhaar/zoopFragment/XmlWebViewFragment;->downloadZip -> Landroid/os/Environment;->getExternalStorageState","","","","","",""
"FlashCredit","com.flash.flashcredit","Kenya/Approved","NO","NO","","","","","","","","","","","",""
"Lipa Later","com.lipalater.androidapp","Kenya/Approved","YES","YES","","","","","","Landroid/support/v4/content/FileProvider;->parsePathStrategy -> Landroid/os/Environment;->getExternalStorageDirectory; Landroid/support/v4/os/EnvironmentCompat;->getStorageState -> Landroid/os/Environment;->getExternalStorageDirectory; Landroid/support/v4/os/EnvironmentCompat;->getStorageState -> Landroid/os/Environment;->getExternalStorageState; Lcom/github/mikephil/charting/charts/Chart;->saveToGallery -> Landroid/os/Environment;->getExternalStorageDirectory; Lcom/github/mikephil/charting/charts/Chart;->saveToPath -> Landroid/os/Environment;->getExternalStorageDirectory; Lcom/github/mikephil/charting/utils/FileUtils;->loadEntriesFromFile -> Landroid/os/Environment;->getExternalStorageDirectory; Lcom/github/mikephil/charting/utils/FileUtils;->saveToSdCard -> Landroid/os/Environment;->getExternalStorageDirectory; Lcom/smileidentity/libsmileid/core/BaseService;->getSmileIDDir -> Landroid/os/Environment;->getExternalStorageDirectory; Lcom/smileidentity/libsmileid/core/SIFileManager;->getNomediaFile -> Landroid/os/Environment;->getExternalStorageDirectory; Lcom/smileidentity/libsmileid/core/SIFileManager;->getSmileIDDir -> Landroid/os/Environment;->getExternalStorageDirectory; Lio/fabric/sdk/android/services/persistence/FileStoreImpl;->getExternalCacheDir -> Landroid/os/Environment;->getExternalStorageDirectory; Lio/fabric/sdk/android/services/persistence/FileStoreImpl;->getExternalFilesDir -> Landroid/os/Environment;->getExternalStorageDirectory; Lio/fabric/sdk/android/services/persistence/FileStoreImpl;->isExternalStorageAvailable -> Landroid/os/Environment;->getExternalStorageState","","","","","",""
"HelaCash","ke.helacash.cash","Kenya/Approved","YES","YES","","","","","","Landroidx/core/content/FileProvider;->z -> Landroid/os/Environment;->getExternalStorageDirectory; Lke/helacash/UA0;->w -> Landroid/os/Environment;->getExternalStorageDirectory; Lke/helacash/jl0;->w -> Landroid/os/Environment;->getExternalStorageDirectory; Lke/helacash/jl0;->z -> Landroid/os/Environment;->getExternalStorageDirectory; Lke/helacash/nu;->V -> Landroid/os/Environment;->getExternalStorageDirectory; Lke/helacash/nu;->e -> Landroid/os/Environment;->getExternalStorageDirectory; Lke/helacash/nu;->r -> Landroid/os/Environment;->getExternalStorageDirectory; Lke/helacash/pl$z;-><init> -> Landroid/os/Environment;->getExternalStorageState","","","","","",""
"MetaLoan","com.metaloan","Kenya/Approved","NO","NO","","","","","","","","","","","",""
"MaxLend","com.max.lend.kencash","Kenya/Approved","YES","YES","","","","","","Landroidx/core/content/FileProvider;->g -> Landroid/os/Environment;->getExternalStorageDirectory; Lv5/m;->a -> Landroid/os/Environment;->getExternalStorageDirectory; Lv5/m;->c -> Landroid/os/Environment;->getExternalStorageDirectory; Lv5/m;->g -> Landroid/os/Environment;->getExternalStorageState","","","","","",""
"TruePesa","com.credit.truepesa.loan.kenya","Kenya/Approved","YES","YES","","","","","","Ld4/e0;->T -> Landroid/os/Environment;->getExternalStorageDirectory; Ld4/e0;->T -> Landroid/os/Environment;->getExternalStorageState; Lm7/b0;->a -> Landroid/os/Environment;->getExternalStorageDirectory","","","","","",""
"KopaKash","com.kopakash","Kenya/Approved","NO","NO","","","","","","","","","","","",""
"Senti","com.roamtech.dm.azima","Kenya/Approved","YES","YES","","","","","","Landroidx/core/content/FileProvider;->parsePathStrategy -> Landroid/os/Environment;->getExternalStorageDirectory; Landroidx/core/os/EnvironmentCompat;->getStorageState -> Landroid/os/Environment;->getExternalStorageDirectory; Landroidx/core/os/EnvironmentCompat;->getStorageState -> Landroid/os/Environment;->getExternalStorageState; Lcom/github/mikephil/charting/charts/Chart;->saveToGallery -> Landroid/os/Environment;->getExternalStorageDirectory; Lcom/github/mikephil/charting/charts/Chart;->saveToPath -> Landroid/os/Environment;->getExternalStorageDirectory; Lcom/github/mikephil/charting/utils/FileUtils;->loadEntriesFromFile -> Landroid/os/Environment;->getExternalStorageDirectory; Lcom/github/mikephil/charting/utils/FileUtils;->saveToSdCard -> Landroid/os/Environment;->getExternalStorageDirectory; Lcom/roamtech/dm/azima/fragments/IncomeFragment;->pickStatementFile -> Landroid/os/Environment;->getExternalStorageDirectory","","","","","",""
"Leja","com.okoleainternational.okoleamobile","Kenya/Approved","YES","YES","","","","","","Landroidx/core/content/FileProvider;->h -> Landroid/os/Environment;->getExternalStorageDirectory","","","","","",""
"FairKash","com.fair.kash.money.finance.loan","Kenya/Approved","YES","YES","","","","","","Ld0/b;->a -> Landroid/os/Environment;->getExternalStorageDirectory; Lw4/c0;->T -> Landroid/os/Environment;->getExternalStorageDirectory; Lw4/c0;->T -> Landroid/os/Environment;->getExternalStorageState","","","","","",""
"Bayes","bank.com.bank","Kenya/Approved","YES","YES","","","","","","Landroid/support/v4/content/FileProvider;->b -> Landroid/os/Environment;->getExternalStorageDirectory; Lcom/freshchat/consumer/sdk/j/aa;->aL -> Landroid/os/Environment;->getExternalStorageState","","","","","",""
"DirectLoan","direct.loans.dirloan.kecredit","Kenya/Approved","YES","YES","","","","","","Landroidx/core/content/FileProvider;->o08Oo -> Landroid/os/Environment;->getExternalStorageDirectory; Ldirectloan/cash/Ao$o08Oo;-><init> -> Landroid/os/Environment;->getExternalStorageState; Ldirectloan/cash/cE0;->OOOOoo8O -> Landroid/os/Environment;->getExternalStorageDirectory; Ldirectloan/cash/ro0;->OOOOoo8O -> Landroid/os/Environment;->getExternalStorageDirectory; Ldirectloan/cash/ro0;->o08Oo -> Landroid/os/Environment;->getExternalStorageDirectory; Ldirectloan/cash/yx;->〇0oo8 -> Landroid/os/Environment;->getExternalStorageDirectory; Ldirectloan/cash/yx;->〇o〇0O〇 -> Landroid/os/Environment;->getExternalStorageDirectory; Ldirectloan/cash/yx;->〇〇〇OO8〇O -> Landroid/os/Environment;->getExternalStorageDirectory","","","","","",""
"Okolea","com.astronpank.TENK_LOAN","Kenya/Approved","YES","YES","","","","","","Landroid/support/v4/content/ContextCompat;->getExternalCacheDirs -> Landroid/os/Environment;->getExternalStorageDirectory; Landroid/support/v4/content/ContextCompat;->getExternalFilesDirs -> Landroid/os/Environment;->getExternalStorageDirectory; Landroid/support/v4/content/ContextCompat;->getObbDirs -> Landroid/os/Environment;->getExternalStorageDirectory; Landroid/support/v4/content/FileProvider;->parsePathStrategy -> Landroid/os/Environment;->getExternalStorageDirectory; Landroid/support/v4/os/EnvironmentCompat;->getStorageState -> Landroid/os/Environment;->getExternalStorageDirectory; Landroid/support/v4/os/EnvironmentCompat;->getStorageState -> Landroid/os/Environment;->getExternalStorageState; Lcom/google/appinventor/components/runtime/Camcorder;->RecordVideo -> Landroid/os/Environment;->getExternalStorageState; Lcom/google/appinventor/components/runtime/Camera;->TakePicture -> Landroid/os/Environment;->getExternalStorageDirectory; Lcom/google/appinventor/components/runtime/Camera;->TakePicture -> Landroid/os/Environment;->getExternalStorageState; Lcom/google/appinventor/components/runtime/Canvas;->FontTypefaceImport -> Landroid/os/Environment;->getExternalStorageDirectory; Lcom/google/appinventor/components/runtime/CloudDB;->writeFile -> Landroid/os/Environment;->getExternalStorageDirectory; Lcom/google/appinventor/components/runtime/File;->AbsoluteFileName -> Landroid/os/Environment;->getExternalStorageDirectory; Lcom/google/appinventor/components/runtime/File;->ReadFrom -> Landroid/os/Environment;->getExternalStorageDirectory; Lcom/google/appinventor/components/runtime/File;->copyFile -> Landroid/os/Environment;->getExternalStorageDirectory; Lcom/google/appinventor/components/runtime/ImagePicker;->copyToExternalStorageAndDeleteSource -> Landroid/os/Environment;->getExternalStorageDirectory; Lcom/google/appinventor/components/runtime/ReplForm;-><clinit> -> Landroid/os/Environment;->getExternalStorageDirectory; Lcom/google/appinventor/components/runtime/SoundRecorder;->Start -> Landroid/os/Environment;->getExternalStorageState; Lcom/google/appinventor/components/runtime/util/FileUtil;->checkExternalStorageWriteable -> Landroid/os/Environment;->getExternalStorageState; Lcom/google/appinventor/components/runtime/util/FileUtil;->getExternalFile -> Landroid/os/Environment;->getExternalStorageDirectory; Lcom/google/appinventor/components/runtime/util/MediaUtil;->determineMediaSource -> Landroid/os/Environment;->getExternalStorageDirectory; Lcom/google/appinventor/components/runtime/util/MediaUtil;->replAssetPath -> Landroid/os/Environment;->getExternalStorageDirectory; Lcom/google/appinventor/components/runtime/util/PackageInstaller;-><clinit> -> Landroid/os/Environment;->getExternalStorageDirectory; Lcom/google/appinventor/components/runtime/util/TextViewUtil;->setCustomFontTypeface -> Landroid/os/Environment;->getExternalStorageDirectory; Lio/fabric/sdk/android/services/persistence/FileStoreImpl;->getExternalCacheDir -> Landroid/os/Environment;->getExternalStorageDirectory; Lio/fabric/sdk/android/services/persistence/FileStoreImpl;->getExternalFilesDir -> Landroid/os/Environment;->getExternalStorageDirectory; Lio/fabric/sdk/android/services/persistence/FileStoreImpl;->isExternalStorageAvailable -> Landroid/os/Environment;->getExternalStorageState","","","","","",""
"Mojacredit","ke.mojacredit","Kenya/Approved","YES","YES","","","","","","Landroidx/core/content/FileProvider;->Y -> Landroid/os/Environment;->getExternalStorageDirectory; Lke/mojacredit/KB0;->L -> Landroid/os/Environment;->getExternalStorageDirectory; Lke/mojacredit/WJ0;->L -> Landroid/os/Environment;->getExternalStorageDirectory; Lke/mojacredit/WJ0;->Y -> Landroid/os/Environment;->getExternalStorageDirectory; Lke/mojacredit/jm$Y;-><init> -> Landroid/os/Environment;->getExternalStorageState; Lke/mojacredit/tv;->Q -> Landroid/os/Environment;->getExternalStorageDirectory; Lke/mojacredit/tv;->R -> Landroid/os/Environment;->getExternalStorageDirectory; Lke/mojacredit/tv;->d -> Landroid/os/Environment;->getExternalStorageDirectory","","","","","",""
"Kashbean","com.kashbean","Kenya/Approved","NO","NO","","","","","","","","","","","",""
"Creditmoja","com.kenya.credit.app.loan.cash.money.pesa","Kenya/Approved","YES","YES","","","","","","Landroidx/core/content/FileProvider;->Xe7GGBviVlnZMfJt6Qvm -> Landroid/os/Environment;->getExternalStorageDirectory; Lcom/facebook/internal/Utility;->externalStorageExists -> Landroid/os/Environment;->getExternalStorageState; Lcom/facebook/internal/Utility;->refreshAvailableExternalStorage -> Landroid/os/Environment;->getExternalStorageDirectory; Lcom/facebook/internal/Utility;->refreshTotalExternalStorage -> Landroid/os/Environment;->getExternalStorageDirectory; Lcom/google/android/gms/internal/ads/zzbel;->zze -> Landroid/os/Environment;->getExternalStorageDirectory; Lcom/google/android/gms/internal/ads/zzbih;->call -> Landroid/os/Environment;->getExternalStorageState; Lcom/google/android/gms/internal/ads/zzbjd;->zzd -> Landroid/os/Environment;->getExternalStorageDirectory; Lcom/loan/kenya/creditmoja/viewlayer/web/MoJaWebViewH5Act$itemPickResultLauncher$2$1$1;->invokeSuspend -> Landroid/os/Environment;->getExternalStorageState","","","","","",""
"UbaPesa","com.ubapesa.app","Kenya/Approved","YES","NO","","","","","","","","","","","",""
