"App Name","Package Name","Country/Classification","InternetAccessAPI","SensitiveAPI","android.permission.ACCESS_FINE_LOCATION","android.permission.INTERNET","android.permission.QUERY_ALL_PACKAGES","android.permission.READ_CALL_LOG","android.permission.READ_CONTACTS","android.permission.READ_EXTERNAL_STORAGE","android.permission.READ_MEDIA_AUDIO","android.permission.READ_MEDIA_IMAGES","android.permission.READ_MEDIA_VIDEO","android.permission.READ_PHONE_NUMBERS","android.permission.READ_SMS","android.permission.WRITE_EXTERNAL_STORAGE"
"Ngao Credit","com.extrainch.ngaocredit","Kenya/Approved","YES","YES","","","","","","Lcom/metamap/sdk_components/crash_reporter/sentry/io/sentry/android/core/DefaultAndroidEventProcessor;->isExternalStorageMounted -> Landroid/os/Environment;->getExternalStorageState; Landroidx/core/content/FileProvider;->parsePathStrategy -> Landroid/os/Environment;->getExternalStorageDirectory","","","","","",""
"L-Pesa","com.app.l_pesa","Kenya/Approved","YES","YES","","","","","","Landroidx/core/content/FileProvider;->parsePathStrategy -> Landroid/os/Environment;->getExternalStorageDirectory; Landroidx/core/os/EnvironmentCompat;->getStorageState -> Landroid/os/Environment;->getExternalStorageState","","","","","",""
"FlashCredit","com.flash.flashcredit","Kenya/Approved","YES","NO","","","","","","","","","","","",""
"Lipa Later","com.lipalater.androidapp","Kenya/Approved","YES","YES","","","","","","Landroid/support/v4/content/FileProvider;->parsePathStrategy -> Landroid/os/Environment;->getExternalStorageDirectory; Landroid/support/v4/os/EnvironmentCompat;->getStorageState -> Landroid/os/Environment;->getExternalStorageState","","","","","",""
"HelaCash","ke.helacash.cash","Kenya/Approved","YES","NO","","","","","","","","","","","",""
"MetaLoan","com.metaloan","Kenya/Approved","NO","NO","","","","","","","","","","","",""
"MaxLend","com.max.lend.kencash","Kenya/Approved","YES","NO","","","","","","","","","","","",""
"TruePesa","com.credit.truepesa.loan.kenya","Kenya/Approved","YES","NO","","","","","","","","","","","",""
"KopaKash","com.kopakash","Kenya/Approved","NO","NO","","","","","","","","","","","",""
"Senti","com.roamtech.dm.azima","Kenya/Approved","YES","YES","","","","","","Landroidx/core/content/FileProvider;->parsePathStrategy -> Landroid/os/Environment;->getExternalStorageDirectory; Landroidx/core/os/EnvironmentCompat;->getStorageState -> Landroid/os/Environment;->getExternalStorageState","","","","","",""
"Leja","com.okoleainternational.okoleamobile","Kenya/Approved","YES","NO","","","","","","","","","","","",""
