Package Name,AnalysisTime
com.extrainch.ngaocredit,143.3
com.app.l_pesa,126.5
com.flash.flashcredit,0.2
com.lipalater.androidapp,53.5
ke.helacash.cash,51.3
com.metaloan,0.0
com.max.lend.kencash,39.2
com.credit.truepesa.loan.kenya,33.1
com.kopakash,0.0
com.roamtech.dm.azima,131.2
com.okoleainternational.okoleamobile,57.1
com.fair.kash.money.finance.loan,32.4
bank.com.bank,31.7
direct.loans.dirloan.kecredit,49.2
com.astronpank.TENK_LOAN,50.3
ke.mojacredit,50.2
com.kashbean,0.0
com.kenya.credit.app.loan.cash.money.pesa,89.7
com.ubapesa.app,41.8
com.mobincube.jijenge_credit_limited.sc_5S1N1N,40.6
com.rewot.app,176.3
com.mycredit.mycredit,18.3
com.sokohela.lending,34.2
com.zenkafinance.microloans,72.5
com.autochek.buysalefixcars,74.5
com.sxsydai.yoyi,38.6
com.loancloud.nigeria.moneyestate,58.0
ni.lcredit.money.cash,60.2
com.hm.thankucard,22.7
com.cash.loan.credit9.kash.plamcredit.naira.payday.money.xcredit,0.3
com.indiaquickloan.quickloan,37.5
com.loancloud.nigeria.mocredit,59.2
com.cd.cashdoor,29.8
com.instant.cash.loan.payday.money.nigeria.new.credit,39.8
joycash.mobile.online.quick.loan.money.cash.app,113.3
com.eagle.cash,51.2
com.cash.me.online.loan.app,35.7
com.cashmallet.app,0.3
com.loancloud.nigeria.smartcash,55.2
com.xcredit.loan.nigeria,100.6
ng.moni.gomoni,59.5
com.ucreditapp.app.cash.loan.carbon.jumia.pay,35.7
com.nigeria.cashkj.hcash,39.2
ng.dey.cashdey,54.9
swiftkash.safe.go,161.3
com.grew.sw.cashlawn,51.7
com.loancloud.nigeria.easycash,57.6
com.cash.loan.lending.cash.credit,29.5
com.cash9ja.credit.cash.loan.naira,61.6
com.sharp.credit.app,36.7
com.cash.loan.credit.quick.kash.cash9ja.mobile9.mkopo.instant.online.gocash,0.3
com.sx.luckyloan,34.9
com.kashpal.credit.money.cash.moni,58.2
com.naira9ja.loan.credit.cash.borrow,119.4
jp.moneytree.moneytree,139.1
com.sotifai.nai,0.6
com.lcloan.moneymart,66.4
com.loan.crancash.cash,41.6
xyz.niki.loan.nut,82.1
com.cashniriql.camelloan,12.7
ng.sure.surecredit,51.2
com.ggmoney.money.online.loan.instant.credit.bank.app,0.3
com.creditville,64.3
com.ng.easecash,0.5
com.nairacash.henloan,59.2
loan.flypaypro.ydysx,137.0
com.nigeria.loan.credit.nigerialoan,119.8
com.qc.getloan,84.5
al.cash.easy.creditapp,52.4
com.ng.secucash,0.5
com.we.ng.credit,102.7
com.loancloud.nigeria.cashmama,62.2
cn.fk.fine.kudi,107.9
com.ftfarm.fibo,291.6
com.loan.aadhar.pan.insurance.calculator.getloanonpancard,36.4
com.loanmarket,29.8
com.loanapp.onlineloan.applyonline.calc.Bankbalancecheck,88.4
com.paisaloanguide.loanguidepaisatips,107.1
com.simpleloan.instant.suparkash,44.7
com.singleclick.loanpe.trading.colourloan.b2l,131.7
com.getinstantloan.creditloan.cashloan,120.1
com.jalurlaba.app,19.6
com.creditbookpk.creditbook,126.4
com.app.qistbazaar4,68.3
com.m7.taleem,38.9
com.mycash.moneytap.app,194.6
com.edufi.parent,16.2
com.zoodel.kz,231.3
com.techlogix.mobilinkcustomer,473.8
com.abhifinance,162.6
com.raqqam.monamitech,27.4
com.pinjammodal,70.5
mobile.danabagus.android,38.9
com.pyeuiioa.zaxfrccf,66.9
com.pinjam.ktakilat,54.8
com.duhasyariah.app,22.1
com.id.avantee,27.5
com.kredito.fintek,141.8
id.danarupiah.weshare.jiekuan,53.5
com.klikcairapp,87.3
com.danabijak.mobile,10.5
com.mysolusiku.solusiku,40.9
com.solmitrafintec.solmitramobile,75.4
com.ktakilat.loan,62.1
com.danasyariah.mobiledanasyariah,88.0
id.co.danamasbor,68.1
id.co.tokomodal.mobile,118.3
id.co.finteksyariah.app.pembiayaan,54.7
com.pinjamango,0.4
com.crowde.investor,47.8
com.oriente.finmas,0.6
id.mekartigasampurna.mekarpinjam.app,91.6
com.ayo.klikkami,42.3
biro.pinjamuang.ngreditmurahki,42.0
com.dompetkilat.pinjaman,55.1
com.wDanaKita_KBL,62.5
com.pbejydgb.ygzxmzcg,69.4
team.trueloan.loan,40.1
com.rexmfb.mobile,72.1
com.futurecash.nl.re,67.1
com.beatha.mkopokaka,472.0
com.credit.ninemoney,60.8
business.finance.flex,143.7
easykash.creditapp.loan,11.3
com.veendhq.mobileApp,92.0
com.aella.comportal,83.3
com.ng.flexfund,85.1
com.nigeria.tcredit,83.8
com.reliance.savingsbox,167.0
co.tractionapp.traction,367.6
africa.pivo,118.7
io.quickcheck.loans,224.7
go.get.credit,35.0
com.wegoloan.app.nigeria,43.6
co.aibanc.Aibanc_APP,77.9
silkloan.nigeria.credit.cash.loan,53.1
com.loan.cash.credit.easemoni.nigeria,73.1
com.finles.mintbag,63.8
com.zeliaapp,206.7
ng.vendorcredit.app,111.5
ng.personal.loan.lily.cash,47.9
com.go.cash.cash.gocash,55.6
com.nidcomsolutions.monee,33.6
com.libertyassured.libertypay,180.0
com.transsnetfinancial.palmcredit,0.8
app.payhippo,108.4
com.p2vest,117.3
com.allcredit.ls,94.7
com.credit.wallet,34.2
com.allaweepersonal.mobile,134.5
com.summit.naijaease,18.5
com.pbank.newcredit,0.8
com.ng.FastCent,0.4
com.loan.naira.cash.ng9,41.4
com.xcash.xcrosscash,0.8
com.irorun,184.6
com.voicemoney.vmey,87.9
com.apex.loan.ng.app,48.6
com.hadifinance.hadifinanceapp,136.2
com.hifund.money.kash.loan,53.4
com.omnikash.xxko,32.9
com.cash.loan.personal.kash.cash9ja.xcredit.payday.credit9.money,52.1
com.credpal.loan,83.5
com.principal.loan.cash.principalloan,98.2
com.commercemen.airmoni,81.8
com.dodo_mobile,146.9
co.mylendme.mobile,109.5
com.trustloan.finserve.nigeria.creditline.xpress,41.1
com.muska.tech.nairago,55.7
ng.kashcash.kash,106.2
com.fintellia.rockshieldmfb,120.0
com.loan.easyfund,19.7
care.finance,55.6
com.lenddo.mobile.paylater,322.2
com.rapaidv1,119.6
com.trade.ca.credit,81.9
com.edikemobile,121.5
co.our.pass.stg,69.9
cash.run.credit.easy.loan,48.0
com.lendigo.app,38.6
com.digicore.dot,108.5
com.paylaterapp.paylater,128.2
com.nigeria.android.mooncard,49.3
com.ted.ng.ninecreditgo.credit.loans,121.8
ng.sycamore.app2,150.5
com.finpadimobile,103.2
com.end.wall.week,37.8
com.menamobile,110.7
com.hometown.app,47.2
app.credlockng.merchant,75.2
com.falcon.teer.baro.cash,34.6
com.samued.cashnaija,40.0
com.oxloanpro.cash.credit.nigeria,54.9
com.lucky.cashpaddie,88.6
swift.loan.naira.app,74.8
com.hermoney.app,132.1
com.loan.credit.new.morecash,20.8
com.exolve.fewchorepay,26.1
com.vybecash.app,72.6
com.airopay.agents,116.9
com.primerabank.primera_mobile,43.8
com.getnaira.online.loan.instant.credit,62.6
com.adashe.app.adashe,128.0
com.client.primepay,1.5
com.tradelenda.app,114.0
safe.vkashpro.loan,159.9
com.renmoney.android,299.3
ng.com.plentycash,102.9
com.kash.money.palm.minicredit.new.naira.loan,27.7
com.pride.pasa,66.8
com.credit.nicenaira,71.9
com.loanx.cashloan,0.8
com.zoomcash.app.financial.services.mobilepay,31.9
nigeria.cash.loan.hiwallet,0.3
com.info.regxta,101.1
ultracash.fast.loan,14.0
com.vibecredit,0.5
com.cash.lnonline,66.8
com.phastmoney,42.1
com.raiz.application,300.5
com.o2intlfin.loans,21.9
com.bwfoxlending.nigeria,50.0
co.tradedepot.shop,182.7
com.hervest,94.8
com.silver.gooseplus.wallet.goosewallet,115.9
cashigo.loan.lcreditmax,80.9
com.smart.loan.money.smartloan,98.4
com.klump.inc.mobile,35.4
com.mycrat.wayacreditng,71.4
com.nigeria.app.vsnaira,62.3
com.investment.pilla,63.2
com.otoreport.apkpayfimobile,52.5
com.payfi.ng,118.7
com.branch_international.branch.branch_demo_android,171.3
com.aladdin.digital,193.1
com.rank.moni,252.6
com.lairaplus.naira.loan.nigeria,42.4
com.ng.product.ncash,112.6
ng.com.ajeloan,16.0
com.loan.nicekash,62.1
io.ionic.riverbank,40.6
co.shara.lite,189.1
com.ng.haloocredit,23.2
com.pennee.tech,47.0
com.nig.incash.org,25.6
com.kiakiafinance.app,89.8
ng.com.fairmoney.fairmoney,356.1
com.loan.new.maxmoni,57.2
com.loan.naira.now,23.7
com.ng.swifund,0.6
credit.caycredit.finance.loan.money,39.9
com.loan.icredit.creditng,98.4
com.myeazipay.business,58.2
com.boyu.luans,99.6
com.may.android.hicredit,109.3
com.loan.newlending.through,63.3
com.tpdn.growly.mobile,48.5
com.ponycash.poca.nysh,76.1
ng.wise.creditwise,56.4
com.fintellia.suprememfbs,113.8
com.retailboosters,14.6
com.repay.com,18.9
com.wow.pera,126.9
com.happyperatwo.app,0.4
ph.billease,38.4
perajet.ph.credoapp,19.0
com.valley.loan,93.0
com.myloan.pesocash,38.8
com.firestorm.sea.loanmarket,52.7
ph.zippeso.online.cash.loan,129.9
com.v.plus.vplus,50.3
com.philipin.pesokwento.loan,46.5
com.liang.chan,111.3
in.atome,71.1
com.yigomob.philippine.pesogo,59.1
ph.cashwow11.android,1.6
com.pesoloan,0.5
com.qiantanglending.vps,54.6
versluisant.kredit24,56.3
com.pesohere.android,36.6
com.ph.loan.android,43.2
com.cga.cash,62.0
com.juanhand.fast.cash.peso.loan.app,0.5
ooifxdso.opxosduf.oqexred,48.6
ph.fast.peso,86.7
com.peso2go,17.0
pesop.jkaht,58.4
com.vip.pera,103.3
com.tmart.pesoq,82.5
com.wdjk.mcvay,60.3
com.easy.cash.loan,52.8
com.jrweid.pilipinas.loanmarket,42.2
com.jrweid.pautang.peso,57.6
com.luck.duck.quickla,10.9
tech.codeblock.okpeso,26.1
com.abs.pesobuffet.android,17.1
io.silvrr.finance,111.1
com.touchlend.fcash,63.5
com.phoneapp.paghiram,43.5
com.maypera.peso,56.1
com.lemon.loan,83.0
ph.cashme666.android,69.0
com.pesoadvance.app,95.2
com.hffeilvbin.pesopocket,58.4
com.hffeilvbin.lightkredit,54.1
com.yinshan.happycashPro,109.6
ph.lhl.pautangpeso,97.0
ph.fk.startloan,63.8
com.pesopop,0.3
com.vincocopeso.propitious,42.3
luckyloan.shelck,56.0
com.lanhai.upesocash,46.8
ph.fk.pondoloan,57.5
com.perabag.app,36.1
