app_name,package,country,permissions
RexAfrica,com.rexmfb.mobile,Nigeria,"android.permission.READ_EXTERNAL_STORAGE, android.permission.WRITE_EXTERNAL_STORAGE, android.permission.ACCESS_FINE_LOCATION"
Umba,com.beatha.mkopokaka,Nigeria,"android.permission.READ_CONTACTS, android.permission.READ_EXTERNAL_STORAGE, android.permission.WRITE_EXTERNAL_STORAGE, android.permission.READ_MEDIA_AUDIO, android.permission.READ_MEDIA_IMAGES, android.permission.READ_MEDIA_VIDEO, android.permission.READ_PHONE_NUMBERS, android.permission.READ_SMS, android.permission.ACCESS_FINE_LOCATION"
Flex Finance,business.finance.flex,Nigeria,"android.permission.READ_EXTERNAL_STORAGE, android.permission.WRITE_EXTERNAL_STORAGE"
EasyKash,easykash.creditapp.loan,Nigeria,"android.permission.READ_CALL_LOG, android.permission.READ_SMS"
Veend,com.veendhq.mobileApp,Nigeria,"android.permission.READ_CONTACTS, android.permission.READ_EXTERNAL_STORAGE, android.permission.WRITE_EXTERNAL_STORAGE"
IntsWallet,com.ng.flexfund,Nigeria,android.permission.READ_CALL_LOG
SavingsBox,com.reliance.savingsbox,Nigeria,"android.permission.READ_EXTERNAL_STORAGE, android.permission.WRITE_EXTERNAL_STORAGE, android.permission.READ_MEDIA_AUDIO, android.permission.READ_MEDIA_IMAGES, android.permission.READ_MEDIA_VIDEO"
Traction,co.tractionapp.traction,Nigeria,"android.permission.READ_CONTACTS, android.permission.READ_EXTERNAL_STORAGE, android.permission.WRITE_EXTERNAL_STORAGE, android.permission.READ_MEDIA_AUDIO, android.permission.READ_MEDIA_IMAGES, android.permission.READ_MEDIA_VIDEO, android.permission.ACCESS_FINE_LOCATION"
Pivo,africa.pivo,Nigeria,"android.permission.READ_EXTERNAL_STORAGE, android.permission.READ_MEDIA_AUDIO, android.permission.READ_MEDIA_IMAGES, android.permission.QUERY_ALL_PACKAGES"
Quickcheck,io.quickcheck.loans,Nigeria,"android.permission.READ_EXTERNAL_STORAGE, android.permission.WRITE_EXTERNAL_STORAGE, android.permission.READ_SMS, android.permission.ACCESS_FINE_LOCATION"
Aibanc,co.aibanc.Aibanc_APP,Nigeria,"android.permission.READ_EXTERNAL_STORAGE, android.permission.WRITE_EXTERNAL_STORAGE"
MintBag,com.finles.mintbag,Nigeria,"android.permission.READ_CALL_LOG, android.permission.READ_SMS"
Zelia,com.zeliaapp,Nigeria,"android.permission.READ_EXTERNAL_STORAGE, android.permission.WRITE_EXTERNAL_STORAGE, android.permission.READ_MEDIA_IMAGES, android.permission.ACCESS_FINE_LOCATION"
VendorCredit,ng.vendorcredit.app,Nigeria,"android.permission.READ_EXTERNAL_STORAGE, android.permission.WRITE_EXTERNAL_STORAGE"
Lilycash,ng.personal.loan.lily.cash,Nigeria,"android.permission.READ_CALL_LOG, android.permission.READ_SMS"
liberty-pay,com.libertyassured.libertypay,Nigeria,"android.permission.READ_CONTACTS, android.permission.READ_EXTERNAL_STORAGE, android.permission.WRITE_EXTERNAL_STORAGE, android.permission.READ_SMS"
Palmcredit,com.transsnetfinancial.palmcredit,Nigeria,"android.permission.READ_CALL_LOG, android.permission.READ_SMS"
Payhippo,app.payhippo,Nigeria,"android.permission.READ_EXTERNAL_STORAGE, android.permission.WRITE_EXTERNAL_STORAGE"
P2Vest,com.p2vest,Nigeria,"android.permission.READ_EXTERNAL_STORAGE, android.permission.WRITE_EXTERNAL_STORAGE"
Credit Wallet,com.credit.wallet,Nigeria,"android.permission.READ_CONTACTS, android.permission.READ_EXTERNAL_STORAGE, android.permission.READ_SMS, android.permission.ACCESS_FINE_LOCATION"
Allawee,com.allaweepersonal.mobile,Nigeria,"android.permission.READ_EXTERNAL_STORAGE, android.permission.WRITE_EXTERNAL_STORAGE"
Newcredit,com.pbank.newcredit,Nigeria,"android.permission.READ_CALL_LOG, android.permission.READ_SMS"
FastCent,com.ng.FastCent,Nigeria,android.permission.READ_CALL_LOG
Xcrosscash,com.xcash.xcrosscash,Nigeria,"android.permission.READ_CALL_LOG, android.permission.READ_SMS"
VoiceMoney,com.voicemoney.vmey,Nigeria,"android.permission.READ_CALL_LOG, android.permission.READ_SMS"
HadiFinance,com.hadifinance.hadifinanceapp,Nigeria,"android.permission.READ_EXTERNAL_STORAGE, android.permission.WRITE_EXTERNAL_STORAGE, android.permission.READ_SMS, android.permission.ACCESS_FINE_LOCATION"
OmniKash,com.omnikash.xxko,Nigeria,"android.permission.READ_CALL_LOG, android.permission.READ_SMS"
Credpal,com.credpal.loan,Nigeria,"android.permission.READ_CONTACTS, android.permission.READ_EXTERNAL_STORAGE, android.permission.WRITE_EXTERNAL_STORAGE, android.permission.ACCESS_FINE_LOCATION"
Bold,com.dodo_mobile,Nigeria,"android.permission.READ_CONTACTS, android.permission.READ_EXTERNAL_STORAGE, android.permission.WRITE_EXTERNAL_STORAGE, android.permission.READ_MEDIA_AUDIO, android.permission.READ_MEDIA_IMAGES, android.permission.READ_MEDIA_VIDEO"
LendMe,co.mylendme.mobile,Nigeria,"android.permission.READ_CONTACTS, android.permission.READ_EXTERNAL_STORAGE, android.permission.WRITE_EXTERNAL_STORAGE, android.permission.ACCESS_FINE_LOCATION"
TrustLaon,com.trustloan.finserve.nigeria.creditline.xpress,Nigeria,"android.permission.READ_CALL_LOG, android.permission.READ_SMS"
Rockshield MFB,com.fintellia.rockshieldmfb,Nigeria,"android.permission.READ_CONTACTS, android.permission.READ_EXTERNAL_STORAGE, android.permission.WRITE_EXTERNAL_STORAGE"
,com.lenddo.mobile.paylater,Nigeria,"android.permission.READ_CONTACTS, android.permission.READ_EXTERNAL_STORAGE, android.permission.WRITE_EXTERNAL_STORAGE, android.permission.ACCESS_FINE_LOCATION"
Rapaid,com.rapaidv1,Nigeria,"android.permission.READ_CONTACTS, android.permission.READ_EXTERNAL_STORAGE, android.permission.WRITE_EXTERNAL_STORAGE"
TradeCredit,com.trade.ca.credit,Nigeria,"android.permission.READ_CALL_LOG, android.permission.READ_SMS"
Edike,com.edikemobile,Nigeria,"android.permission.READ_EXTERNAL_STORAGE, android.permission.WRITE_EXTERNAL_STORAGE"
Our Pass,co.our.pass.stg,Nigeria,"android.permission.READ_CONTACTS, android.permission.READ_EXTERNAL_STORAGE, android.permission.WRITE_EXTERNAL_STORAGE, android.permission.ACCESS_FINE_LOCATION"
Dot,com.digicore.dot,Nigeria,"android.permission.READ_CONTACTS, android.permission.READ_EXTERNAL_STORAGE, android.permission.WRITE_EXTERNAL_STORAGE"
PayLater,com.paylaterapp.paylater,Nigeria,"android.permission.READ_EXTERNAL_STORAGE, android.permission.ACCESS_FINE_LOCATION"
@7F0F002C,com.nigeria.android.mooncard,Nigeria,"android.permission.READ_CALL_LOG, android.permission.READ_SMS"
9Credit Go,com.ted.ng.ninecreditgo.credit.loans,Nigeria,"android.permission.READ_CALL_LOG, android.permission.READ_SMS"
Sycamore,ng.sycamore.app2,Nigeria,"android.permission.READ_EXTERNAL_STORAGE, android.permission.WRITE_EXTERNAL_STORAGE, android.permission.READ_MEDIA_IMAGES"
Finpadi,com.finpadimobile,Nigeria,"android.permission.READ_EXTERNAL_STORAGE, android.permission.WRITE_EXTERNAL_STORAGE"
MenaCred,com.menamobile,Nigeria,"android.permission.READ_EXTERNAL_STORAGE, android.permission.WRITE_EXTERNAL_STORAGE, android.permission.READ_SMS"
Hometown,com.hometown.app,Nigeria,android.permission.READ_CONTACTS
Credlock Business,app.credlockng.merchant,Nigeria,"android.permission.READ_EXTERNAL_STORAGE, android.permission.WRITE_EXTERNAL_STORAGE, android.permission.ACCESS_FINE_LOCATION"
Hermoney,com.hermoney.app,Nigeria,"android.permission.READ_EXTERNAL_STORAGE, android.permission.WRITE_EXTERNAL_STORAGE, android.permission.ACCESS_FINE_LOCATION"
Fewchore Mobile,com.exolve.fewchorepay,Nigeria,"android.permission.READ_EXTERNAL_STORAGE, android.permission.WRITE_EXTERNAL_STORAGE, android.permission.READ_MEDIA_AUDIO, android.permission.READ_MEDIA_IMAGES, android.permission.READ_MEDIA_VIDEO"
VybeCash,com.vybecash.app,Nigeria,"android.permission.READ_CONTACTS, android.permission.READ_EXTERNAL_STORAGE, android.permission.WRITE_EXTERNAL_STORAGE, android.permission.ACCESS_FINE_LOCATION"
Ellimoney,com.airopay.agents,Nigeria,android.permission.READ_EXTERNAL_STORAGE
Koins,com.primerabank.primera_mobile,Nigeria,"android.permission.READ_EXTERNAL_STORAGE, android.permission.WRITE_EXTERNAL_STORAGE"
Adashe,com.adashe.app.adashe,Nigeria,"android.permission.READ_EXTERNAL_STORAGE, android.permission.WRITE_EXTERNAL_STORAGE, android.permission.READ_PHONE_NUMBERS, android.permission.ACCESS_FINE_LOCATION"
Primepay,com.client.primepay,Nigeria,android.permission.READ_CALL_LOG
TradeLenda,com.tradelenda.app,Nigeria,"android.permission.READ_EXTERNAL_STORAGE, android.permission.WRITE_EXTERNAL_STORAGE"
Renmoney,com.renmoney.android,Nigeria,"android.permission.READ_CONTACTS, android.permission.READ_EXTERNAL_STORAGE, android.permission.WRITE_EXTERNAL_STORAGE, android.permission.READ_MEDIA_AUDIO, android.permission.READ_MEDIA_IMAGES, android.permission.READ_MEDIA_VIDEO, android.permission.READ_PHONE_NUMBERS, android.permission.READ_SMS, android.permission.ACCESS_FINE_LOCATION"
Xcash,com.loanx.cashloan,Nigeria,"android.permission.READ_CALL_LOG, android.permission.READ_SMS"
ZoomCash,com.zoomcash.app.financial.services.mobilepay,Nigeria,"android.permission.READ_CALL_LOG, android.permission.READ_SMS"
Hi Wallet,nigeria.cash.loan.hiwallet,Nigeria,android.permission.READ_CALL_LOG
Regxta,com.info.regxta,Nigeria,"android.permission.READ_EXTERNAL_STORAGE, android.permission.WRITE_EXTERNAL_STORAGE"
UltraCash,ultracash.fast.loan,Nigeria,"android.permission.READ_CALL_LOG, android.permission.READ_SMS"
Raiz,com.raiz.application,Nigeria,"android.permission.READ_EXTERNAL_STORAGE, android.permission.WRITE_EXTERNAL_STORAGE, android.permission.READ_MEDIA_AUDIO"
O2 Finance,com.o2intlfin.loans,Nigeria,"android.permission.READ_CONTACTS, android.permission.READ_EXTERNAL_STORAGE, android.permission.WRITE_EXTERNAL_STORAGE, android.permission.ACCESS_FINE_LOCATION"
Tradedepot,co.tradedepot.shop,Nigeria,"android.permission.READ_CONTACTS, android.permission.READ_EXTERNAL_STORAGE, android.permission.WRITE_EXTERNAL_STORAGE, android.permission.ACCESS_FINE_LOCATION"
HerVest,com.hervest,Nigeria,"android.permission.READ_EXTERNAL_STORAGE, android.permission.WRITE_EXTERNAL_STORAGE"
Klump,com.klump.inc.mobile,Nigeria,"android.permission.READ_EXTERNAL_STORAGE, android.permission.WRITE_EXTERNAL_STORAGE"
WayaCredit,com.mycrat.wayacreditng,Nigeria,"android.permission.READ_CALL_LOG, android.permission.READ_SMS"
Pilla,com.investment.pilla,Nigeria,android.permission.READ_EXTERNAL_STORAGE
PayFiMobile,com.otoreport.apkpayfimobile,Nigeria,"android.permission.READ_CONTACTS, android.permission.READ_EXTERNAL_STORAGE, android.permission.ACCESS_FINE_LOCATION"
Payfi,com.payfi.ng,Nigeria,"android.permission.READ_CONTACTS, android.permission.READ_EXTERNAL_STORAGE, android.permission.WRITE_EXTERNAL_STORAGE, android.permission.ACCESS_FINE_LOCATION"
Branch,com.branch_international.branch.branch_demo_android,Nigeria,"android.permission.READ_CONTACTS, android.permission.READ_SMS"
Alladin Digital,com.aladdin.digital,Nigeria,"android.permission.READ_CONTACTS, android.permission.READ_EXTERNAL_STORAGE, android.permission.WRITE_EXTERNAL_STORAGE, android.permission.READ_MEDIA_IMAGES, android.permission.READ_MEDIA_VIDEO"
Moni,com.rank.moni,Nigeria,"android.permission.READ_CONTACTS, android.permission.READ_EXTERNAL_STORAGE, android.permission.WRITE_EXTERNAL_STORAGE, android.permission.ACCESS_FINE_LOCATION"
Riverbank,io.ionic.riverbank,Nigeria,"android.permission.READ_EXTERNAL_STORAGE, android.permission.WRITE_EXTERNAL_STORAGE, android.permission.READ_MEDIA_IMAGES, android.permission.ACCESS_FINE_LOCATION"
Shara,co.shara.lite,Nigeria,"android.permission.READ_CONTACTS, android.permission.READ_EXTERNAL_STORAGE, android.permission.WRITE_EXTERNAL_STORAGE, android.permission.ACCESS_FINE_LOCATION"
Hcwallet,com.ng.haloocredit,Nigeria,android.permission.READ_CALL_LOG
Pennee,com.pennee.tech,Nigeria,"android.permission.READ_EXTERNAL_STORAGE, android.permission.WRITE_EXTERNAL_STORAGE, android.permission.ACCESS_FINE_LOCATION"
Incash,com.nig.incash.org,Nigeria,"android.permission.READ_EXTERNAL_STORAGE, android.permission.WRITE_EXTERNAL_STORAGE"
KiaKia finance,com.kiakiafinance.app,Nigeria,"android.permission.READ_CONTACTS, android.permission.READ_EXTERNAL_STORAGE, android.permission.WRITE_EXTERNAL_STORAGE"
FairMoney,ng.com.fairmoney.fairmoney,Nigeria,"android.permission.READ_CONTACTS, android.permission.READ_EXTERNAL_STORAGE, android.permission.WRITE_EXTERNAL_STORAGE, android.permission.READ_MEDIA_AUDIO, android.permission.READ_MEDIA_IMAGES, android.permission.READ_MEDIA_VIDEO, android.permission.READ_SMS, android.permission.QUERY_ALL_PACKAGES, android.permission.ACCESS_FINE_LOCATION"
@7F10002D,com.ng.swifund,Nigeria,android.permission.READ_CALL_LOG
EaziPay,com.myeazipay.business,Nigeria,"android.permission.READ_EXTERNAL_STORAGE, android.permission.WRITE_EXTERNAL_STORAGE"
Newlending,com.loan.newlending.through,Nigeria,"android.permission.READ_CONTACTS, android.permission.READ_EXTERNAL_STORAGE, android.permission.WRITE_EXTERNAL_STORAGE, android.permission.ACCESS_FINE_LOCATION"
PonyCash,com.ponycash.poca.nysh,Nigeria,"android.permission.READ_CALL_LOG, android.permission.READ_SMS"
Supreme MFB,com.fintellia.suprememfbs,Nigeria,"android.permission.READ_CONTACTS, android.permission.READ_EXTERNAL_STORAGE, android.permission.WRITE_EXTERNAL_STORAGE"
retailboosters,com.retailboosters,Nigeria,android.permission.READ_EXTERNAL_STORAGE
