App Name,Package Name,Country/Classification,Number of found leaks,Source API in leaks
biro.pinjamuang.ngreditmurahki_2018-02-01,biro.pinjamuang.ngreditmurahki,IndonesiaApproved,FAILED,
com.crowde.investor_2019-05-06,com.crowde.investor,IndonesiaApproved,FAILED,
com.danabijak.mobile_2020-02-10,com.danabijak.mobile,IndonesiaApproved,FAILED,
com.danasyariah.mobiledanasyariah_2024-06-26,com.danasyariah.mobiledanasyariah,IndonesiaApproved,FAILED,
com.duhasyariah.app_2023-09-25,com.duhasyariah.app,IndonesiaApproved,FAILED,
com.id.avantee_2019-01-18,com.id.avantee,IndonesiaApproved,FAILED,
com.klikcairapp_2024-06-06,com.klikcairapp,IndonesiaApproved,FAILED,
com.kredito.fintek_2024-08-21,com.kredito.fintek,IndonesiaApproved,FAILED,
com.oriente.finmas_2022-11-08,com.oriente.finmas,IndonesiaApproved,FAILED,
com.pbejydgb.ygzxmzcg_2019-06-28,com.pbejydgb.ygzxmzcg,IndonesiaApproved,FAILED,
com.pinjam.ktakilat_2019-04-13,com.pinjam.ktakilat,IndonesiaApproved,FAILED,
com.pinjammodal_2024-06-06,com.pinjammodal,IndonesiaApproved,FAILED,
com.pyeuiioa.zaxfrccf_2019-08-02,com.pyeuiioa.zaxfrccf,IndonesiaApproved,FAILED,
com.wDanaKita_KBL_2018-03-28,com.wDanaKita,IndonesiaApproved,FAILED,
id.co.danamasbor_2023-07-14,id.co.danamasbor,IndonesiaApproved,FAILED,
id.co.finteksyariah.app.pembiayaan_2021-06-15,id.co.finteksyariah.app.pembiayaan,IndonesiaApproved,FAILED,
id.co.tokomodal.mobile_2024-07-03,id.co.tokomodal.mobile,IndonesiaApproved,FAILED,
id.danarupiah.weshare.jiekuan_2022-06-15,id.danarupiah.weshare.jiekuan,IndonesiaApproved,FAILED,
id.mekartigasampurna.mekarpinjam.app_2019-07-10,id.mekartigasampurna.mekarpinjam.app,IndonesiaApproved,FAILED,
KTA Kilat,KTA Kilat,IndonesiaApproved,FAILED,
mobile.danabagus.android_2024-01-22,mobile.danabagus.android,IndonesiaApproved,FAILED,
PinjaMango,PinjaMango,IndonesiaApproved,FAILED,
Autochek,Autochek,KenyaApproved,FAILED,
Bayes,Bayes,KenyaApproved,FAILED,
Creditmoja,Creditmoja,KenyaApproved,FAILED,
Directloan,Directloan,KenyaApproved,FAILED,
Fairkash,Fairkash,KenyaApproved,FAILED,
FlashCredit,FlashCredit,KenyaApproved,FAILED,
Helacash,Helacash,KenyaApproved,FAILED,
Jijenge Credit Limited,Jijenge Credit Limited,KenyaApproved,FAILED,
Kashbean,Kashbean,KenyaApproved,FAILED,
Kopakash,Kopakash,KenyaApproved,FAILED,
Leja,Leja,KenyaApproved,FAILED,
Lipalater,Lipalater,KenyaApproved,FAILED,
L-Pesa,L-Pesa,KenyaApproved,FAILED,
MaxLend,MaxLend,KenyaApproved,FAILED,
Metaloan,Metaloan,KenyaApproved,FAILED,
Mojacredit,Mojacredit,KenyaApproved,FAILED,
Mycredit,Mycredit,KenyaApproved,FAILED,
Ngao Credit,Ngao Credit,KenyaApproved,FAILED,
Okolea,Okolea,KenyaApproved,FAILED,
Rewot Ciro,Rewot Ciro,KenyaApproved,FAILED,
Senti,Senti,KenyaApproved,FAILED,
Sokohela,Sokohela,KenyaApproved,FAILED,
Truepesa,Truepesa,KenyaApproved,FAILED,
Ubapesa,Ubapesa,KenyaApproved,FAILED,
Zenka,Zenka,KenyaApproved,FAILED,
9Credit Go,9Credit Go,NigeriaApproved,FAILED,
9money,9money,NigeriaApproved,FAILED,
Adashe,Adashe,NigeriaApproved,FAILED,
Aella,Aella,NigeriaApproved,FAILED,
Aibanc,Aibanc,NigeriaApproved,FAILED,
AIRMONI,AIRMONI,NigeriaApproved,FAILED,
Ajeloan,Ajeloan,NigeriaApproved,FAILED,
Aladdin Digital,Aladdin Digital,NigeriaApproved,FAILED,
Allawee,Allawee,NigeriaApproved,FAILED,
AllCredit,AllCredit,NigeriaApproved,FAILED,
Apex loan,Apex loan,NigeriaApproved,FAILED,
Bold,Bold,NigeriaApproved,FAILED,
Branch,Branch,NigeriaApproved,FAILED,
Carbon,Carbon,NigeriaApproved,FAILED,
Care Finance,Care Finance,NigeriaApproved,FAILED,
Cash9ja,Cash9ja,NigeriaApproved,FAILED,
Cashpaddie,Cashpaddie,NigeriaApproved,FAILED,
CashRun,CashRun,NigeriaApproved,FAILED,
CayCredit,CayCredit,NigeriaApproved,FAILED,
ClanPay,ClanPay,NigeriaApproved,FAILED,
Credit Wallet,Credit Wallet,NigeriaApproved,FAILED,
CreditWise,CreditWise,NigeriaApproved,FAILED,
Credlock Business,Credlock Business,NigeriaApproved,FAILED,
CredPal,CredPal,NigeriaApproved,FAILED,
Dot,Dot,NigeriaApproved,FAILED,
EaseMoni,EaseMoni,NigeriaApproved,FAILED,
Easyfund,Easyfund,NigeriaApproved,FAILED,
EasyKash,EasyKash,NigeriaApproved,FAILED,
Easy Money Loan,Easy Money Loan,NigeriaApproved,FAILED,
Eazipay,Eazipay,NigeriaApproved,FAILED,
Edike,Edike,NigeriaApproved,FAILED,
Ellimoney,Ellimoney,NigeriaApproved,FAILED,
FairMoney,FairMoney,NigeriaApproved,FAILED,
FastCent,FastCent,NigeriaApproved,FAILED,
Fewchore Mobile,Fewchore Mobile,NigeriaApproved,FAILED,
FinPadi,FinPadi,NigeriaApproved,FAILED,
Flex Finance,Flex Finance,NigeriaApproved,FAILED,
Futurecash,Futurecash,NigeriaApproved,FAILED,
GetNaira,GetNaira,NigeriaApproved,FAILED,
Go Cash,Go Cash,NigeriaApproved,FAILED,
Gogetcredit,Gogetcredit,NigeriaApproved,FAILED,
GoLoan,GoLoan,NigeriaApproved,FAILED,
Growly,Growly,NigeriaApproved,FAILED,
HadiFinance,HadiFinance,NigeriaApproved,FAILED,
Hcwallet,Hcwallet,NigeriaApproved,FAILED,
Hermoney,Hermoney,NigeriaApproved,FAILED,
HerVest,HerVest,NigeriaApproved,FAILED,
Hi Credit,Hi Credit,NigeriaApproved,FAILED,
HiFund,HiFund,NigeriaApproved,FAILED,
Hiwallet,Hiwallet,NigeriaApproved,FAILED,
Hometown,Hometown,NigeriaApproved,FAILED,
iCredit,iCredit,NigeriaApproved,FAILED,
Incash,Incash,NigeriaApproved,FAILED,
IntsWallet,IntsWallet,NigeriaApproved,FAILED,
Irorun,Irorun,NigeriaApproved,FAILED,
KashCash,KashCash,NigeriaApproved,FAILED,
KashLoan,KashLoan,NigeriaApproved,FAILED,
Kiakia Finance,Kiakia Finance,NigeriaApproved,FAILED,
Klump,Klump,NigeriaApproved,FAILED,
Koins,Koins,NigeriaApproved,FAILED,
Lairaplus,Lairaplus,NigeriaApproved,FAILED,
LCredit Max,LCredit Max,NigeriaApproved,FAILED,
Lendigo,Lendigo,NigeriaApproved,FAILED,
Lend Me,Lend Me,NigeriaApproved,FAILED,
Lendnow-Online safe laon,Lendnow-Online safe laon,NigeriaApproved,FAILED,
Liberty Pay,Liberty Pay,NigeriaApproved,FAILED,
Lilycash,Lilycash,NigeriaApproved,FAILED,
Loanmate,Loanmate,NigeriaApproved,FAILED,
LoanNaira,LoanNaira,NigeriaApproved,FAILED,
Maxmoni,Maxmoni,NigeriaApproved,FAILED,
MenaCred,MenaCred,NigeriaApproved,FAILED,
MiniCredit,MiniCredit,NigeriaApproved,FAILED,
Mintbag,Mintbag,NigeriaApproved,FAILED,
Monee,Monee,NigeriaApproved,FAILED,
Moni,Moni,NigeriaApproved,FAILED,
MoreCash,MoreCash,NigeriaApproved,FAILED,
NaijaEase,NaijaEase,NigeriaApproved,FAILED,
NairaGo,NairaGo,NigeriaApproved,FAILED,
Naira Now,Naira Now,NigeriaApproved,FAILED,
NCash,NCash,NigeriaApproved,FAILED,
Newcredit,Newcredit,NigeriaApproved,FAILED,
Newlending,Newlending,NigeriaApproved,FAILED,
Nicekash,Nicekash,NigeriaApproved,FAILED,
Nicenaira Plus,Nicenaira Plus,NigeriaApproved,FAILED,
O2 Finance,O2 Finance,NigeriaApproved,FAILED,
OKCash,OKCash,NigeriaApproved,FAILED,
OmniKash,OmniKash,NigeriaApproved,FAILED,
OurPass,OurPass,NigeriaApproved,FAILED,
OxLoan Pro,OxLoan Pro,NigeriaApproved,FAILED,
Oyescredit,Oyescredit,NigeriaApproved,FAILED,
P2vest,P2vest,NigeriaApproved,FAILED,
Palmcredit,Palmcredit,NigeriaApproved,FAILED,
Pasa,Pasa,NigeriaApproved,FAILED,
Payfi,Payfi,NigeriaApproved,FAILED,
Payfimobile,Payfimobile,NigeriaApproved,FAILED,
Payhippo,Payhippo,NigeriaApproved,FAILED,
PearlCash,PearlCash,NigeriaApproved,FAILED,
Pennee,Pennee,NigeriaApproved,FAILED,
PhastMoney,PhastMoney,NigeriaApproved,FAILED,
Pilla,Pilla,NigeriaApproved,FAILED,
Pivo,Pivo,NigeriaApproved,FAILED,
Plenty Cash,Plenty Cash,NigeriaApproved,FAILED,
PonyCash,PonyCash,NigeriaApproved,FAILED,
PrimePay,PrimePay,NigeriaApproved,FAILED,
QuickCheck,QuickCheck,NigeriaApproved,FAILED,
Raiz,Raiz,NigeriaApproved,FAILED,
Rapaid,Rapaid,NigeriaApproved,FAILED,
Regxta,Regxta,NigeriaApproved,FAILED,
Renmoney,Renmoney,NigeriaApproved,FAILED,
retailboosters,retailboosters,NigeriaApproved,FAILED,
RexAfrica,RexAfrica,NigeriaApproved,FAILED,
Riverbank,Riverbank,NigeriaApproved,FAILED,
Rocket loan Plus,Rocket loan Plus,NigeriaApproved,FAILED,
Rockshield MFB,Rockshield MFB,NigeriaApproved,FAILED,
SavingsBox,SavingsBox,NigeriaApproved,FAILED,
Shara,Shara,NigeriaApproved,FAILED,
SilkLoan,SilkLoan,NigeriaApproved,FAILED,
Supreme MFB,Supreme MFB,NigeriaApproved,FAILED,
Swift naira,Swift naira,NigeriaApproved,FAILED,
Swifund,Swifund,NigeriaApproved,FAILED,
Sycamore,Sycamore,NigeriaApproved,FAILED,
Tcredit,Tcredit,NigeriaApproved,FAILED,
TopChance,TopChance,NigeriaApproved,FAILED,
Traction,Traction,NigeriaApproved,FAILED,
TradeCredit,TradeCredit,NigeriaApproved,FAILED,
TradeDepot,TradeDepot,NigeriaApproved,FAILED,
Tradelenda,Tradelenda,NigeriaApproved,FAILED,
True Loan,True Loan,NigeriaApproved,FAILED,
TrustLoan,TrustLoan,NigeriaApproved,FAILED,
UltraCash,UltraCash,NigeriaApproved,FAILED,
Umba,Umba,NigeriaApproved,FAILED,
Urgent Money,Urgent Money,NigeriaApproved,FAILED,
Veend,Veend,NigeriaApproved,FAILED,
Vendor Credit,Vendor Credit,NigeriaApproved,FAILED,
Vibecredit,Vibecredit,NigeriaApproved,FAILED,
Vkash Pro,Vkash Pro,NigeriaApproved,FAILED,
VoiceMoney,VoiceMoney,NigeriaApproved,FAILED,
Vybecash,Vybecash,NigeriaApproved,FAILED,
WayaCredit,WayaCredit,NigeriaApproved,FAILED,
Xcash,Xcash,NigeriaApproved,FAILED,
Xcrosscash,Xcrosscash,NigeriaApproved,FAILED,
Zelia,Zelia,NigeriaApproved,FAILED,
ZoomCash,ZoomCash,NigeriaApproved,FAILED,
ApexLending,ApexLending,NigeriaDelisted,FAILED,
Camelloan,Camelloan,NigeriaDelisted,FAILED,
Cash9ja,Cash9ja,NigeriaDelisted,FAILED,
CashCredit,CashCredit,NigeriaDelisted,FAILED,
Cashdey,Cashdey,NigeriaDelisted,FAILED,
CashDoor,CashDoor,NigeriaDelisted,FAILED,
Cashlawn,Cashlawn,NigeriaDelisted,FAILED,
CashLoan,CashLoan,NigeriaDelisted,FAILED,
CashMall,CashMall,NigeriaDelisted,FAILED,
CashMama,CashMama,NigeriaDelisted,FAILED,
CashMe,CashMe,NigeriaDelisted,FAILED,
CMoney,CMoney,NigeriaDelisted,FAILED,
Crancash,Crancash,NigeriaDelisted,FAILED,
EagleCash,EagleCash,NigeriaDelisted,FAILED,
Ease Cash,Ease Cash,NigeriaDelisted,FAILED,
FINEKUDI,FINEKUDI,NigeriaDelisted,FAILED,
FlypayPro,FlypayPro,NigeriaDelisted,FAILED,
GetLoan,GetLoan,NigeriaDelisted,FAILED,
GGmoney,GGmoney,NigeriaDelisted,FAILED,
Gomoni,Gomoni,NigeriaDelisted,FAILED,
Hcash,Hcash,NigeriaDelisted,FAILED,
HenLoan,HenLoan,NigeriaDelisted,FAILED,
Joycash,Joycash,NigeriaDelisted,FAILED,
Kashpal,Kashpal,NigeriaDelisted,FAILED,
LCredit,LCredit,NigeriaDelisted,FAILED,
LuckyLoan,LuckyLoan,NigeriaDelisted,FAILED,
MOCredit,MOCredit,NigeriaDelisted,FAILED,
MoneyEstate,MoneyEstate,NigeriaDelisted,FAILED,
MoneyMart,MoneyMart,NigeriaDelisted,FAILED,
Moneytree-FinanceMadeEasy,Moneytree-FinanceMadeEasy,NigeriaDelisted,FAILED,
Naira9ja,Naira9ja,NigeriaDelisted,FAILED,
NairaLand,NairaLand,NigeriaDelisted,FAILED,
NigeriaLoan,NigeriaLoan,NigeriaDelisted,FAILED,
nutLoan,nutLoan,NigeriaDelisted,FAILED,
QuickCredit,QuickCredit,NigeriaDelisted,FAILED,
QuickLoan,QuickLoan,NigeriaDelisted,FAILED,
Secucash,Secucash,NigeriaDelisted,FAILED,
SharpCredit,SharpCredit,NigeriaDelisted,FAILED,
SmartCash,SmartCash,NigeriaDelisted,FAILED,
SoftNaira,SoftNaira,NigeriaDelisted,FAILED,
SureCredit,SureCredit,NigeriaDelisted,FAILED,
Swiftkash,Swiftkash,NigeriaDelisted,FAILED,
ThankUCash,ThankUCash,NigeriaDelisted,FAILED,
UCredit,UCredit,NigeriaDelisted,FAILED,
WeCredit,WeCredit,NigeriaDelisted,FAILED,
Xcredit,Xcredit,NigeriaDelisted,FAILED,
YoYi,YoYi,NigeriaDelisted,FAILED,
Abhifinance,Abhifinance,PakistanApproved,FAILED,
com.edufi.parent,com.edufi.parent,PakistanApproved,FAILED,
Creditbook,Creditbook,PakistanApproved,FAILED,
JazzCash,JazzCash,PakistanApproved,FAILED,
MoneyTap,MoneyTap,PakistanApproved,FAILED,
Muawin,Muawin,PakistanApproved,FAILED,
TaleemConnect,TaleemConnect,PakistanApproved,FAILED,
Zood,Zood,PakistanApproved,FAILED,
com.ftfarm.fibo,com.ftfarm.fibo,PakistanDelisted,FAILED,
com.getinstantloan.creditloan.cashloan,com.getinstantloan.creditloan.cashloan,PakistanDelisted,FAILED,
com.jalurlaba.app,com.jalurlaba.app,PakistanDelisted,FAILED,
com.loan.aadhar.pan.insurance.calculator.getloanonpancard,com.loan.aadhar.pan.insurance.calculator.getloanonpancard,PakistanDelisted,FAILED,
com.loanapp.onlineloan.applyonline.calc.Bankbalancecheck,com.loanapp.onlineloan.applyonline.calc.Bankbalancecheck,PakistanDelisted,FAILED,
com.loanmarket,com.loanmarket,PakistanDelisted,FAILED,
com.paisaloanguide.loanguidepaisatips,com.paisaloanguide.loanguidepaisatips,PakistanDelisted,FAILED,
com.simpleloan.instant.suparkash,com.simpleloan.instant.suparkash,PakistanDelisted,FAILED,
com.singleclick.loanpe.trading.colourloan.b2l,com.singleclick.loanpe.trading.colourloan.b2l,PakistanDelisted,FAILED,
com.cga.cash_2021-10-23,com.cga.cash,PhilippinesApproved,FAILED,
com.easy.cash.loan_2020-03-05,com.easy.cash.loan,PhilippinesApproved,FAILED,
com.firestorm.sea.loanmarket_2019-09-23,com.firestorm.sea.loanmarket,PhilippinesApproved,FAILED,
com.happyperatwo.app_2021-10-20,com.happyperatwo.app,PhilippinesApproved,FAILED,
com.hffeilvbin.lightkredit_2019-10-10,com.hffeilvbin.lightkredit,PhilippinesApproved,FAILED,
com.hffeilvbin.pesopocket_2019-10-30,com.hffeilvbin.pesopocket,PhilippinesApproved,FAILED,
com.jrweid.pautang.peso_2019-10-29,com.jrweid.pautang.peso,PhilippinesApproved,FAILED,
com.jrweid.pilipinas.loanmarket_2019-09-26,com.jrweid.pilipinas.loanmarket,PhilippinesApproved,FAILED,
com.juanhand.fast.cash.peso.loan.app_2024-09-11,com.juanhand.fast.cash.peso.loan.app,PhilippinesApproved,FAILED,
com.lemon.loan_2020-07-13,com.lemon.loan,PhilippinesApproved,FAILED,
com.liang.chan_2024-04-08,com.liang.chan,PhilippinesApproved,FAILED,
com.maypera.peso_2024-07-01,com.maypera.peso,PhilippinesApproved,FAILED,
com.myloan.pesocash_2024-08-14,com.myloan.pesocash,PhilippinesApproved,FAILED,
com.perabag.app_2023-05-22,com.perabag.app,PhilippinesApproved,FAILED,
com.peso2go_2019-08-29,com.peso2go,PhilippinesApproved,FAILED,
com.pesoadvance.app_2019-03-28,com.pesoadvance.app,PhilippinesApproved,FAILED,
com.pesohere.android_2024-05-14,com.pesohere.android,PhilippinesApproved,FAILED,
com.pesoloan_2024-06-19,com.pesoloan,PhilippinesApproved,FAILED,
com.philipin.pesokwento.loan_2023-12-07,com.philipin.pesokwento.loan,PhilippinesApproved,FAILED,
com.ph.loan.android_2020-08-17,com.ph.loan.android,PhilippinesApproved,FAILED,
com.phoneapp.paghiram_2021-06-10,com.phoneapp.paghiram,PhilippinesApproved,FAILED,
com.qiantanglending.vps_2019-04-24,com.qiantanglending.vps,PhilippinesApproved,FAILED,
com.tmart.pesoq_2023-11-28,com.tmart.pesoq,PhilippinesApproved,FAILED,
com.touchlend.fcash_2021-03-12,com.touchlend.fcash,PhilippinesApproved,FAILED,
com.valley.loan_2023-09-07,com.valley.loan,PhilippinesApproved,FAILED,
com.vip.pera_2024-06-03,com.vip.pera,PhilippinesApproved,FAILED,
com.v.plus.vplus_2024-06-03,com.v.plus.vplus,PhilippinesApproved,FAILED,
com.wdjk.mcvay_2019-12-18,com.wdjk.mcvay,PhilippinesApproved,FAILED,
com.wow.pera_2023-09-15,com.wow.pera,PhilippinesApproved,FAILED,
com.yinshan.happycashPro_2020-03-02,com.yinshan.happycashPro,PhilippinesApproved,FAILED,
Fastpeso,Fastpeso,PhilippinesApproved,FAILED,
in.atome_2020-07-21,in.atome,PhilippinesApproved,FAILED,
io.silvrr.finance_2021-03-16,io.silvrr.finance,PhilippinesApproved,FAILED,
ooifxdso.opxosduf.oqexred_2023-03-14,ooifxdso.opxosduf.oqexred,PhilippinesApproved,FAILED,
perajet.ph.credoapp_2020-09-25,perajet.ph.credoapp,PhilippinesApproved,FAILED,
Pesobuffet,Pesobuffet,PhilippinesApproved,FAILED,
PesoGo,PesoGo,PhilippinesApproved,FAILED,
pesop.jkaht_2019-07-31,pesop.jkaht,PhilippinesApproved,FAILED,
ph.billease_2018-07-03,ph.billease,PhilippinesApproved,FAILED,
ph.cashme666.android_2024-04-09,ph.cashme666.android,PhilippinesApproved,FAILED,
ph.cashwow11.android_2019-09-12,ph.cashwow11.android,PhilippinesApproved,FAILED,
ph.zippeso.online.cash.loan_2023-10-17,ph.zippeso.online.cash.loan,PhilippinesApproved,FAILED,
Quickla,Quickla,PhilippinesApproved,FAILED,
tech.codeblock.okpeso_2024-04-11,tech.codeblock.okpeso,PhilippinesApproved,FAILED,
versluisant.kredit24_2023-01-02,versluisant.kredit24,PhilippinesApproved,FAILED,
com.cashstar.mobile,com.cashstar.mobile,PhilippinesDelisted,FAILED,
FirstCash,FirstCash,PhilippinesDelisted,FAILED,
Luckyloan,Luckyloan,PhilippinesDelisted,FAILED,
NewCash,NewCash,PhilippinesDelisted,FAILED,
Pautangpeso,Pautangpeso,PhilippinesDelisted,FAILED,
Pesopop,Pesopop,PhilippinesDelisted,FAILED,
Pondoloan,Pondoloan,PhilippinesDelisted,FAILED,
Startloan,Startloan,PhilippinesDelisted,FAILED,
Upeso,Upeso,PhilippinesDelisted,FAILED,
