Country,Classification,Package,sha256
Indonesia,approved,com.pinjamango,0002C929015532E8F9363E262BA3A93B57341B3426B0DE04CCE62960AEB61B57
Pakistan,approved,com.abhifinance,00624924BBF4E5C48F619B9AC813F8421B99B7B0A8BED567E03B1AD1ADCB7CE6
Pakistan,delisted,com.fairercredit.readyloans,0287C1254AFEBE82F20AAD8EEC44CA76CBA9AE4228BD387DA58B3D2DF599BE24
Pakistan,delisted,com.fairlend.fairloans,040832654A8F1D5FB9CAB4543D3BC835E78BED978CF123DA29D8E3503FC73C6E
Pakistan,approved,com.techlogix.mobilinkcustomer,046D47ED421E78F0E77C3996D8029F5E2B4395874C972A13C28C9CA703E61BA9
Pakistan,delisted,com.swifts.mobile.loans,04A35A6E9AF6530B9F9D85C2F8AB3A16D246AAF32839E0CF0B476781E37CA98F
Pakistan,delisted,com.rapidpayapps.finepayloans,0570774B39A1F606F95258552219BFDBA5B191B9B8D05E571F2A4C50B83FBA50
Pakistan,delisted,com.easyloans.solutions,061FBB98735196E5F4A1D96969154E7767ABF9950DD7D28ED2DC4C2EA261370C
Pakistan,delisted,com.optipay.littlecash,06AB66C01053162BD28C463AD23D620A0A0E90CA1ADB8865EE9238065E5831C2
Pakistan,delisted,com.darm.personaloans,06FD8DAE78A0A0F8BB1183B212BB48A2590E9B8B9A3C084BCF5B3DFA25677B4F
Pakistan,delisted,com.jalurlaba.app,09F9939E336BB94747A3C899775A5D4C2EFA9AAABF26FCB3781368589E7C52C5
Indonesia,approved,com.akseleran.crowdfund,0AEF4CA2B53F63DF5D65FAB046C0C742E41E285613F940549F35922BDD8C6051
Indonesia,approved,com.ktakilat.loan,0B18ECB5139807C58DACF1637073572364892F9EFF395A322EC9AFC3418E8800
Pakistan,delisted,com.geeklabdevelopers.wcashloan,0D0D3D02038D4EB74D75884BC658FAE9C9647F44D468F9015CF69B9905A2FA3D
Pakistan,delisted,com.loanmarket,12F2473A7F2409661792914A1CFBF6CD78E927E4CA8845D120E337DA898018D3
Kenya,approved,com.okoleainternational.okoleamobile,17FA38B940067AA191EFCE022A2C6B90005427EA74DE069CEA584F38DBC88063
Pakistan,delisted,com.plati.feb.loans,1B433A4091397698573D07C1D5989C2CD8D6B8D7AA1EFF2A6ED1936A9B0727CD
Pakistan,delisted,com.twentythreeloans,1B5BF8AF73B4F13D4D5786C0DEE05798860859E2D84D661FC73D9769B5DABF7C
Pakistan,delisted,com.ftfarm.fibo,1CA25ED096F9B927379C8496EAB124C2A620BEB6F0C96132AF6F95D7C1E5E74E
Kenya,approved,com.flash.flashcredit,1CBDC6534BAC0DF6DE0CC415EB35F35E3632FFF7163A2787B3577B82F5965948
Pakistan,delisted,com.soulfaquick.soulfa,20656E19B86B7312AD3AE1FCB78D5074ACAC5C0AEA925622631761B6A53123C0
Kenya,approved,bank.com.bank,222E7FAE0B83CC3FE589C8D86DD755E056215A5F8E21EDAC4E692918FCF23B3B
Pakistan,delisted,com.loanapp.onlineloan.applyonline.calc.Bankbalancecheck,30FEAC4C2477B330044BC194111C43A6DC585E04BAECF2D6DDC1F53A174A04AE
Pakistan,approved,com.raqqam.monamitech,3235D47B761FE25A808242E95F1F6BD729D2093CCD026E579CD5ACD719311B07
Pakistan,delisted,com.superb.loans.borrownow,3FF6DDEF1EF27E42FAFC494779258FBA82AC6F82861E88E5B608D9A7801FAAD2
Pakistan,delisted,com.getinstantloan.creditloan.cashloan,42A20D8C70B07CBF53FF43F7D281139A38B648ABB2ED4741B0EAA2A0EC1FDCE8
Pakistan,delisted,com.financeapp.credicash.easycashloan,434BCE9AC808FE348E368630474E5AAF76072E73EF91EC427C75EABDEE00A98E
Pakistan,delisted,com.capitalpoint.easycashloans,448022A45937BC6AC4FAD878369656B429DF629C2DD06F1144E9A7B32BAB7E8A
Pakistan,delisted,com.ptechmini.instantcredit,4E39DA9EC301B2CA4AB94B537162D65BE8F19C8FBBCA0E4F63A2B98EA0F9755A
Pakistan,delisted,com.fast.easy.instant.rapid.quickloan.miniloan.cash.loan.coach,56FCE8F5AA926437F5FBAF72676646A63245E31AB65E81CE68278559611DF134
Pakistan,delisted,com.paisaloanguide.loanguidepaisatips,81628F0CE2BE89386D3D19D4B90EC85BAD5AE17FF1B2743271DB57EF00401BBD
Pakistan,delisted,com.singleclick.loanpe.trading.colourloan.b2l,85F5989C042689E0AD34B4E1861A5781651BD6050CFC90DA4D4C94B7ADAFBF15
Indonesia,approved,com.ammana.app,B97CF211F0B0BFB769234D63F6C0560F38D76341FB0A732E6880784D7053C0AB
Pakistan,approved,com.creditbookpk.creditbook,CFEEFC60D9785E1E6BD9D0DC2C7C4CCD2AA3726BA331C4C059D3CDDDA054EE1F
Pakistan,delisted,com.helacreditloans,DAE7020BA60A68953F3455E17ACF7967C6B6FABBA1AF76F5B96A977CA8B9B1E5
Pakistan,delisted,com.simpleloan.instant.suparkash,E557AF186278BE5F75A273FC6E365E72AC125B34631BF3413CE4E51FB6CAD46E
Pakistan,delisted,com.libertyloans.loans,F6F09DCBAEC3653C81A597C78C00E413ABA9CD17A7EF980B97E51530A100DADE
Pakistan,delisted,com.easyloans.instantloans.foriloan,FB04E02CFB2B82D15373915DF89BAF590F14BEAC517B04CE6371B86BA4E7A17A
Pakistan,delisted,com.loan.aadhar.pan.insurance.calculator.getloanonpancard,FDF6824E53683BD9DD4E30CEFF92DD53AC24C621A6D90B4D817FCD52168E967B
