Folder,Total Files,Processed,Failed,Failed Files
/data/olawalea/LoanApps/KenyaApproved,33,29,4,M-kopa.apk; Littlepesa.apk; Fairkash.apk; CreditMoja.apk
/data/olawalea/LoanApps/NigeriaDelisted,54,52,2,Crancash.apk; Ease Cash.apk
/data/olawalea/LoanApps/PakistanDelisted,28,28,0,
/data/olawalea/LoanApps/PakistanApproved,11,8,3,Zood.apk; JazzCash.apk; Abhifinance.apk
/data/olawalea/LoanApps/IndonesiaApproved,52,41,11,com.pinjammodal_2024-06-06.apk; com.silvrr.finance_2024-04-06.apk; com.akseleran.crowdfund_2024-07-14.apk; Ammana.apk; com.cmcm.uangme_2024-05-29.apk; com.pinjamwinwin_2024-07-16.apk; com.klikcairapp_2024-06-06.apk; com.danasyariah.mobiledanasyariah_2024-06-26.apk; com.paem.intl_2024-04-04.apk; id.co.tokomodal.mobile_2024-07-03.apk; com.iss.client.cairin_2024-07-25.apk
/data/olawalea/LoanApps/NigeriaApproved,192,97,95,RexAfrica.apk; Futurecash.apk; Flex Finance.apk; OPP Cash.apk; Kobogo.apk; Veend.apk; Aella.apk; Traction.apk; NiceCredit.apk; QuickCheck.apk; JARA CASH.apk; Gogetcredit.apk; Aibanc.apk; SilkLoan.apk; SmartNaira.apk; Zelia.apk; Vendor Credit.apk; SnappyCredit.apk; Go Cash.apk; P2vest.apk; Allawee.apk; FastCent.apk; LinkCredit.apk; LoanNaira.apk; Irorun.apk; Iustus.apk; HiFund.apk; OmniKash.apk; Yanzu.apk; CredPal.apk; KashLoan.apk; AIRMONI.apk; Bold.apk; Lend Me.apk; TrustLoan.apk; Rockshield MFB.apk; Easyfund.apk; Carbon.apk; Edike.apk; OurPass.apk; Dot.apk; LetsGo.apk; TopChance.apk; Sycamore.apk; FinPadi.apk; Oyescredit.apk; Credlock Business.apk; Swiftnaira.apk; OxLoan Pro.apk; Swift naira.apk; Hermoney.apk; MoreCash.apk; Vybecash.apk; Koins.apk; Urgent10k.apk; Adashe.apk; PrimePay.apk; Tradelenda.apk; Rubi Moni.apk; Vkash Pro.apk; FuelCredit.apk; PaseClub.apk; MiniCredit.apk; Trusty.apk; Pasa.apk; ZoomCash.apk; Hiwallet.apk; Lendnow-Online safe laon.apk; PhastMoney.apk; MyHives.apk; Raiz.apk; TradeDepot.apk; OgaCash.apk; Rocket loan Plus.apk; Urgent Money.apk; Payfimobile.apk; PayCredit.apk; Branch.apk; Aladdin Digital.apk; Lairaplus.apk; Nicekash.apk; Riverbank.apk; Shara.apk; Credlock Pay.apk; Palmpay.apk; Kiakia Finance.apk; FairMoney.apk; Maxmoni.apk; Naira Now.apk; Swifund.apk; CayCredit.apk; iCredit.apk; Eazipay.apk; Hi Credit.apk; Supreme MFB.apk
/data/olawalea/LoanApps/PhilippinesApproved,56,49,7,ph.loans.mobile_2024-07-11.apk; com.liang.chan_2024-04-08.apk; com.pesoloan_2024-06-19.apk; com.pesohere.android_2024-05-14.apk; com.vip.pera_2024-06-03.apk; tech.codeblock.okpeso_2024-04-11.apk; ph.cashme666.android_2024-04-09.apk
/data/olawalea/LoanApps/PhilippinesDelisted,10,9,1,pera4u.apk
/data/olawalea/LoanApps/SensitiveAPIAnalysis/KenyaApproved,25,23,2,Fairkash.apk; Creditmoja.apk
/data/olawalea/LoanApps/SensitiveAPIAnalysis/NigeriaDelisted,48,46,2,Crancash.apk; Ease Cash.apk
/data/olawalea/LoanApps/SensitiveAPIAnalysis/NigeriaApproved,145,71,74,RexAfrica.apk; Futurecash.apk; Flex Finance.apk; Veend.apk; Aella.apk; Traction.apk; QuickCheck.apk; Gogetcredit.apk; Aibanc.apk; SilkLoan.apk; Zelia.apk; Vendor Credit.apk; Go Cash.apk; P2vest.apk; Allawee.apk; FastCent.apk; LoanNaira.apk; Irorun.apk; HiFund.apk; OmniKash.apk; CredPal.apk; KashLoan.apk; AIRMONI.apk; Bold.apk; Lend Me.apk; TrustLoan.apk; Rockshield MFB.apk; Easyfund.apk; Carbon.apk; Edike.apk; OurPass.apk; Dot.apk; TopChance.apk; Sycamore.apk; FinPadi.apk; Oyescredit.apk; Credlock Business.apk; OxLoan Pro.apk; Swift naira.apk; Hermoney.apk; MoreCash.apk; Vybecash.apk; Koins.apk; Adashe.apk; PrimePay.apk; Tradelenda.apk; Vkash Pro.apk; MiniCredit.apk; Pasa.apk; ZoomCash.apk; Hiwallet.apk; Lendnow-Online safe laon.apk; PhastMoney.apk; Raiz.apk; TradeDepot.apk; Rocket loan Plus.apk; Urgent Money.apk; Payfimobile.apk; Branch.apk; Aladdin Digital.apk; Lairaplus.apk; Nicekash.apk; Riverbank.apk; Shara.apk; Kiakia Finance.apk; FairMoney.apk; Maxmoni.apk; Naira Now.apk; Swifund.apk; CayCredit.apk; iCredit.apk; Eazipay.apk; Hi Credit.apk; Supreme MFB.apk
/data/olawalea/LoanApps/SensitiveAPIAnalysis/PakistanDelisted,9,9,0,
/data/olawalea/LoanApps/SensitiveAPIAnalysis/PakistanApproved,9,5,4,Zood.apk; JazzCash.apk; Abhifinance.apk; com.edufi.parent.apk
/data/olawalea/LoanApps/SensitiveAPIAnalysis/IndonesiaApproved,26,22,4,com.pinjammodal_2024-06-06.apk; com.klikcairapp_2024-06-06.apk; com.danasyariah.mobiledanasyariah_2024-06-26.apk; id.co.tokomodal.mobile_2024-07-03.apk
/data/olawalea/LoanApps/SensitiveAPIAnalysis/PhilippinesApproved,45,39,6,com.liang.chan_2024-04-08.apk; com.pesoloan_2024-06-19.apk; com.pesohere.android_2024-05-14.apk; com.vip.pera_2024-06-03.apk; tech.codeblock.okpeso_2024-04-11.apk; ph.cashme666.android_2024-04-09.apk
/data/olawalea/LoanApps/SensitiveAPIAnalysis/PhilippinesDelisted,9,8,1,com.cashstar.mobile.apk
